timeStamp,close,high,low,trade_count,open,volume,vwap,date
1742307600000,3.41,3.44,3.41,5,3.44,500,3.426,2025-03-18 14:20:00+00:00
1742309340000,3.25,3.25,3.25,1,3.25,1000,3.25,2025-03-18 14:49:00+00:00
1742309400000,3.2,3.22,3.2,11,3.21,1405,3.21,2025-03-18 14:50:00+00:00
1742309460000,3.11,3.12,3.11,29,3.12,3698,3.110312,2025-03-18 14:51:00+00:00
1742309520000,3.11,3.11,3.11,23,3.11,4006,3.11,2025-03-18 14:52:00+00:00
1742309580000,3.15,3.15,3.11,21,3.11,8058,3.125283,2025-03-18 14:53:00+00:00
1742309640000,3.12,3.19,3.12,16,3.15,905,3.162857,2025-03-18 14:54:00+00:00
1742309760000,3.16,3.19,3.16,12,3.19,933,3.172857,2025-03-18 14:56:00+00:00
1742309940000,3.19,3.19,3.19,4,3.19,111,3.19,2025-03-18 14:59:00+00:00
1742310000000,3.2,3.21,3.19,18,3.21,1523,3.193571,2025-03-18 15:00:00+00:00
1742310300000,3.21,3.21,3.21,7,3.21,106,3.21,2025-03-18 15:05:00+00:00
1742312880000,3.3,3.3,3.22,7,3.22,2100,3.267619,2025-03-18 15:48:00+00:00
1742313000000,3.33,3.36,3.3,13,3.3,1205,3.321665,2025-03-18 15:50:00+00:00
1742313060000,3.4,3.4,3.39,8,3.4,1035,3.397407,2025-03-18 15:51:00+00:00
1742313120000,3.44,3.44,3.44,2,3.44,300,3.44,2025-03-18 15:52:00+00:00
1742313180000,3.45,3.45,3.45,9,3.45,438,3.45,2025-03-18 15:53:00+00:00
1742313240000,3.52,3.52,3.52,6,3.52,443,3.52,2025-03-18 15:54:00+00:00
1742313300000,3.52,3.52,3.52,2,3.52,101,3.52,2025-03-18 15:55:00+00:00
1742313600000,3.55,3.55,3.55,5,3.55,156,3.55,2025-03-18 16:00:00+00:00
1742314380000,3.6,3.6,3.59,7,3.59,1035,3.597101,2025-03-18 16:13:00+00:00
1742314560000,3.75,3.75,3.75,5,3.75,1071,3.75,2025-03-18 16:16:00+00:00
1742314620000,3.7,3.75,3.7,4,3.75,2055,3.725,2025-03-18 16:17:00+00:00
1742314680000,3.5,3.5,3.5,2,3.5,401,3.5,2025-03-18 16:18:00+00:00
1742314740000,3.55,3.55,3.45,12,3.45,2639,3.511602,2025-03-18 16:19:00+00:00
1742315040000,3.45,3.45,3.44,4,3.44,583,3.448285,2025-03-18 16:24:00+00:00
1742315940000,3.45,3.45,3.45,1,3.45,150,3.45,2025-03-18 16:39:00+00:00
1742316240000,3.32,3.32,3.32,1,3.32,753,3.32,2025-03-18 16:44:00+00:00
1742316720000,3.4,3.4,3.4,5,3.4,204,3.4,2025-03-18 16:52:00+00:00
1742320020000,3.32,3.32,3.32,1,3.32,400,3.32,2025-03-18 17:47:00+00:00
1742320080000,3.4194,3.4194,3.4194,4,3.4194,1148,3.4194,2025-03-18 17:48:00+00:00
1742320800000,3.3623,3.7,3.3623,22,3.39,1295,3.565964,2025-03-18 18:00:00+00:00
1742320860000,3.79,3.79,3.79,12,3.79,509,3.79,2025-03-18 18:01:00+00:00
1742320980000,3.72,3.78,3.5,13,3.5,1033,3.637234,2025-03-18 18:03:00+00:00
1742321040000,3.84,3.84,3.5,23,3.5,1430,3.716629,2025-03-18 18:04:00+00:00
1742321100000,3.57,3.57,3.57,2,3.57,560,3.57,2025-03-18 18:05:00+00:00
1742321280000,3.88,3.88,3.88,4,3.88,539,3.88,2025-03-18 18:08:00+00:00
1742321340000,3.5,3.5,3.5,11,3.5,631,3.5,2025-03-18 18:09:00+00:00
1742321400000,3.52,3.82,3.51,6,3.82,1289,3.660655,2025-03-18 18:10:00+00:00
1742321460000,3.9,3.9,3.5,11,3.79,1942,3.726228,2025-03-18 18:11:00+00:00
1742321520000,3.65,3.85,3.55,16,3.55,3410,3.716129,2025-03-18 18:12:00+00:00
1742322060000,3.69,3.69,3.69,22,3.69,663,3.69,2025-03-18 18:21:00+00:00
1742322120000,3.7,3.7,3.7,6,3.7,312,3.7,2025-03-18 18:22:00+00:00
1742322600000,3.7,3.7,3.7,4,3.7,274,3.7,2025-03-18 18:30:00+00:00
1742325660000,3.55,3.55,3.5,15,3.5,1194,3.505,2025-03-18 19:21:00+00:00
1742325720000,3.72,3.82,3.51,11,3.82,2373,3.679649,2025-03-18 19:22:00+00:00
1742325900000,3.69,3.8,3.69,10,3.8,659,3.748099,2025-03-18 19:25:00+00:00
1742325960000,3.79,3.8,3.65,10,3.65,1904,3.761667,2025-03-18 19:26:00+00:00
1742326020000,3.45,3.45,3.42,12,3.45,885,3.435,2025-03-18 19:27:00+00:00
1742326080000,3.54,3.54,3.54,5,3.54,906,3.54,2025-03-18 19:28:00+00:00
1742326140000,3.72,3.72,3.72,11,3.72,232,3.72,2025-03-18 19:29:00+00:00
1742326260000,3.61,3.61,3.61,5,3.61,286,3.61,2025-03-18 19:31:00+00:00
1742326380000,3.5,3.53,3.5,9,3.53,526,3.513026,2025-03-18 19:33:00+00:00
1742326500000,3.6258,3.6258,3.6258,2,3.6258,101,3.6258,2025-03-18 19:35:00+00:00
1742326560000,3.6258,3.6258,3.6258,2,3.6258,400,3.6258,2025-03-18 19:36:00+00:00
1742326740000,3.63,3.63,3.501,5,3.51,500,3.5802,2025-03-18 19:39:00+00:00
1742327100000,3.6203,3.6203,3.6203,2,3.6203,206,3.6203,2025-03-18 19:45:00+00:00
1742327220000,3.55,3.55,3.5,5,3.51,469,3.52,2025-03-18 19:47:00+00:00
1742327280000,3.5,3.5,3.5,2,3.5,131,3.5,2025-03-18 19:48:00+00:00
1742327700000,3.56,3.56,3.56,9,3.56,425,3.56,2025-03-18 19:55:00+00:00
1742327760000,3.64,3.64,3.64,2,3.64,253,3.64,2025-03-18 19:56:00+00:00
1742328000000,3.62,3.62,3.62,1,3.62,236,3.62,2025-03-18 20:00:00+00:00
1742391480000,3.735,3.735,3.735,2,3.735,151,3.735,2025-03-19 13:38:00+00:00
1742393220000,3.6099,3.6099,3.6099,1,3.6099,500,3.6099,2025-03-19 14:07:00+00:00
1742393280000,3.7309,3.7309,3.7309,1,3.7309,300,3.7309,2025-03-19 14:08:00+00:00
1742393700000,3.7,3.7,3.7,9,3.7,706,3.7,2025-03-19 14:15:00+00:00
1742394300000,3.7,3.7,3.7,2,3.7,1500,3.7,2025-03-19 14:25:00+00:00
1742394840000,3.7,3.7,3.7,1,3.7,200,3.7,2025-03-19 14:34:00+00:00
1742394900000,3.67,3.69,3.67,3,3.69,1200,3.680833,2025-03-19 14:35:00+00:00
1742399220000,3.45,3.45,3.42,6,3.42,1235,3.445,2025-03-19 15:47:00+00:00
1742411940000,3.34,3.48,3.34,48,3.41,4240,3.407831,2025-03-19 19:19:00+00:00
1742413320000,3.43,3.43,3.43,2,3.43,200,3.43,2025-03-19 19:42:00+00:00
1742414100000,3.48,3.48,3.48,2,3.48,200,3.48,2025-03-19 19:55:00+00:00
1742414400000,3.48,3.48,3.48,1,3.48,305,3.48,2025-03-19 20:00:00+00:00
1742477400000,3.48,3.48,3.48,7,3.48,213,3.48,2025-03-20 13:30:00+00:00
1742479380000,3.22,3.22,3.22,11,3.22,233,3.22,2025-03-20 14:03:00+00:00
1742480340000,3.38,3.39,3.3,13,3.38,1068,3.3725,2025-03-20 14:19:00+00:00
1742496720000,3.38,3.38,3.38,1,3.38,200,3.38,2025-03-20 18:52:00+00:00
1742497860000,3.4061,3.4061,3.4061,1,3.4061,500,3.4061,2025-03-20 19:11:00+00:00
1742499960000,3.26,3.409,3.26,2,3.409,200,3.3345,2025-03-20 19:46:00+00:00
1742500080000,3.4453,3.4453,3.4453,1,3.4453,500,3.4453,2025-03-20 19:48:00+00:00
1742500200000,3.26,3.2655,3.26,3,3.2655,203,3.26275,2025-03-20 19:50:00+00:00
1742500260000,3.25,3.26,3.25,6,3.26,507,3.257444,2025-03-20 19:51:00+00:00
1742500800000,3.47,3.47,3.47,1,3.47,598,3.47,2025-03-20 20:00:00+00:00
1742567040000,3.27,3.27,3.27,3,3.27,203,3.27,2025-03-21 14:24:00+00:00
1742567160000,3.29,3.29,3.28,8,3.28,701,3.287143,2025-03-21 14:26:00+00:00
1742567280000,3.29,3.29,3.29,9,3.29,257,3.29,2025-03-21 14:28:00+00:00
1742567880000,3.35,3.35,3.35,4,3.35,475,3.35,2025-03-21 14:38:00+00:00
1742571180000,3.42,3.42,3.42,3,3.42,300,3.42,2025-03-21 15:33:00+00:00
1742578320000,3.5482,3.5482,3.5482,4,3.5482,516,3.5482,2025-03-21 17:32:00+00:00
1742578620000,3.544,3.544,3.544,2,3.544,301,3.544,2025-03-21 17:37:00+00:00
1742585640000,3.5427,3.5427,3.5427,1,3.5427,561,3.5427,2025-03-21 19:34:00+00:00
1742587200000,3.48,3.48,3.48,1,3.48,5834,3.48,2025-03-21 20:00:00+00:00
1742823000000,3.5,3.5,3.5,2,3.5,303,3.5,2025-03-24 13:30:00+00:00
1742823900000,3.5,3.5,3.5,5,3.5,820,3.5,2025-03-24 13:45:00+00:00
1742824200000,3.35,3.35,3.3,13,3.3,2326,3.331739,2025-03-24 13:50:00+00:00
1742824500000,3.3,3.3,3.29,4,3.29,610,3.291667,2025-03-24 13:55:00+00:00
1742825040000,3.6,3.6,3.56,17,3.56,745,3.586577,2025-03-24 14:04:00+00:00
1742825340000,3.76,3.78,3.76,35,3.76,349,3.766667,2025-03-24 14:09:00+00:00
1742825520000,3.71,3.71,3.61,19,3.61,10130,3.662433,2025-03-24 14:12:00+00:00
1742825580000,3.78,3.78,3.78,74,3.78,631,3.78,2025-03-24 14:13:00+00:00
1742825640000,3.8,3.8,3.8,37,3.8,1049,3.8,2025-03-24 14:14:00+00:00
1742825760000,3.79,3.79,3.62,22,3.79,1439,3.695714,2025-03-24 14:16:00+00:00
1742825820000,3.73,3.73,3.73,10,3.73,126,3.73,2025-03-24 14:17:00+00:00
1742825880000,3.72,3.74,3.72,35,3.74,1695,3.724433,2025-03-24 14:18:00+00:00
1742825940000,3.74,3.74,3.74,1,3.74,1000,3.74,2025-03-24 14:19:00+00:00
1742826540000,3.6,3.76,3.59,43,3.61,3821,3.679044,2025-03-24 14:29:00+00:00
1742827320000,3.72,3.72,3.72,40,3.72,2139,3.72,2025-03-24 14:42:00+00:00
1742827740000,3.7,3.7,3.7,2,3.7,2434,3.7,2025-03-24 14:49:00+00:00
1742829000000,3.6281,3.6281,3.6,2,3.6,400,3.621075,2025-03-24 15:10:00+00:00
1742829060000,3.555,3.555,3.555,1,3.555,600,3.555,2025-03-24 15:11:00+00:00
1742829120000,3.56,3.66,3.56,8,3.6595,642,3.6397,2025-03-24 15:12:00+00:00
1742829240000,3.62,3.62,3.62,13,3.62,323,3.62,2025-03-24 15:14:00+00:00
1742836380000,3.2806,3.2806,3.2806,1,3.2806,561,3.2806,2025-03-24 17:13:00+00:00
1742838660000,3.52,3.52,3.52,5,3.52,259,3.52,2025-03-24 17:51:00+00:00
1742838900000,3.6077,3.6077,3.6077,3,3.6077,633,3.6077,2025-03-24 17:55:00+00:00
1742839740000,3.71,3.71,3.68,3,3.68,300,3.696667,2025-03-24 18:09:00+00:00
1742845200000,3.33,3.33,3.33,8,3.33,311,3.33,2025-03-24 19:40:00+00:00
1742845320000,3.53,3.6566,3.53,19,3.6566,1758,3.605059,2025-03-24 19:42:00+00:00
1742845560000,3.5,3.5,3.5,6,3.5,402,3.5,2025-03-24 19:46:00+00:00
1742846220000,3.5,3.5,3.48,9,3.48,550,3.4875,2025-03-24 19:57:00+00:00
1742846400000,3.62,3.62,3.62,1,3.62,1624,3.62,2025-03-24 20:00:00+00:00
1742909400000,3.43,3.43,3.43,3,3.43,300,3.43,2025-03-25 13:30:00+00:00
1742909760000,3.43,3.43,3.43,1,3.43,120,3.43,2025-03-25 13:36:00+00:00
1742918880000,3.5886,3.5886,3.5886,1,3.5886,555,3.5886,2025-03-25 16:08:00+00:00
1742921040000,3.515,3.515,3.515,1,3.515,121,3.515,2025-03-25 16:44:00+00:00
1742922360000,3.58,3.58,3.58,2,3.58,500,3.58,2025-03-25 17:06:00+00:00
1742923080000,3.58,3.58,3.58,3,3.58,200,3.58,2025-03-25 17:18:00+00:00
1742929380000,3.45,3.45,3.45,9,3.45,298,3.45,2025-03-25 19:03:00+00:00
1742932440000,3.46,3.46,3.46,5,3.46,407,3.46,2025-03-25 19:54:00+00:00
1742932500000,3.46,3.46,3.46,2,3.46,180,3.46,2025-03-25 19:55:00+00:00
1742932560000,3.46,3.46,3.46,3,3.46,310,3.46,2025-03-25 19:56:00+00:00
1742932680000,3.48,3.48,3.48,2,3.48,200,3.48,2025-03-25 19:58:00+00:00
1742932740000,3.5,3.5,3.5,3,3.5,142,3.5,2025-03-25 19:59:00+00:00
1742932800000,3.6,3.6,3.6,1,3.6,2843,3.6,2025-03-25 20:00:00+00:00
1742995860000,3.48,3.48,3.48,2,3.48,133,3.48,2025-03-26 13:31:00+00:00
1742999160000,3.37,3.37,3.37,16,3.37,242,3.37,2025-03-26 14:26:00+00:00
1742999820000,3.36,3.36,3.36,4,3.36,831,3.36,2025-03-26 14:37:00+00:00
1743000780000,3.59,3.59,3.59,8,3.59,209,3.59,2025-03-26 14:53:00+00:00
1743000960000,3.49,3.51,3.49,5,3.51,500,3.499,2025-03-26 14:56:00+00:00
1743001020000,3.49,3.49,3.49,4,3.49,400,3.49,2025-03-26 14:57:00+00:00
1743001080000,3.56,3.56,3.56,2,3.56,258,3.56,2025-03-26 14:58:00+00:00
1743001140000,3.49,3.49,3.49,2,3.49,200,3.49,2025-03-26 14:59:00+00:00
1743001860000,3.37,3.37,3.37,6,3.37,290,3.37,2025-03-26 15:11:00+00:00
1743001980000,3.42,3.42,3.42,4,3.42,700,3.42,2025-03-26 15:13:00+00:00
1743002160000,3.43,3.43,3.43,4,3.43,104,3.43,2025-03-26 15:16:00+00:00
1743002940000,3.4,3.4,3.4,1,3.4,100,3.4,2025-03-26 15:29:00+00:00
1743003000000,3.37,3.37,3.37,3,3.37,263,3.37,2025-03-26 15:30:00+00:00
1743004740000,3.44,3.45,3.44,9,3.45,328,3.443788,2025-03-26 15:59:00+00:00
1743004920000,3.46,3.46,3.46,2,3.46,200,3.46,2025-03-26 16:02:00+00:00
1743004980000,3.42,3.42,3.42,3,3.42,255,3.42,2025-03-26 16:03:00+00:00
1743013500000,3.32,3.32,3.32,1,3.32,800,3.32,2025-03-26 18:25:00+00:00
1743087720000,3.36,3.36,3.36,10,3.36,282,3.36,2025-03-27 15:02:00+00:00
1743087840000,3.39,3.39,3.39,3,3.39,200,3.39,2025-03-27 15:04:00+00:00
1743090420000,3.07,3.07,3.07,5,3.07,123,3.07,2025-03-27 15:47:00+00:00
1743090600000,3.21,3.21,3.21,5,3.21,113,3.21,2025-03-27 15:50:00+00:00
1743090660000,3.26,3.27,3.21,6,3.21,510,3.238293,2025-03-27 15:51:00+00:00
1743090720000,3.28,3.28,3.28,6,3.28,600,3.28,2025-03-27 15:52:00+00:00
1743090780000,3.33,3.33,3.33,7,3.33,303,3.33,2025-03-27 15:53:00+00:00
1743090840000,3.44,3.44,3.44,10,3.44,216,3.44,2025-03-27 15:54:00+00:00
1743090900000,3.465,3.465,3.465,24,3.465,561,3.465,2025-03-27 15:55:00+00:00
1743090960000,3.41,3.44,3.41,5,3.41,953,3.416296,2025-03-27 15:56:00+00:00
1743091020000,3.38,3.38,3.38,7,3.38,214,3.38,2025-03-27 15:57:00+00:00
1743091080000,3.21,3.21,3.21,3,3.21,402,3.21,2025-03-27 15:58:00+00:00
1743091200000,3.26,3.26,3.26,4,3.26,344,3.26,2025-03-27 16:00:00+00:00
1743091440000,3.3,3.34,3.3,17,3.31,619,3.312,2025-03-27 16:04:00+00:00
1743097500000,3.2,3.2,3.2,1,3.2,100,3.2,2025-03-27 17:45:00+00:00
1743103860000,3.345,3.345,3.345,2,3.345,108,3.345,2025-03-27 19:31:00+00:00
1743105060000,3.25,3.25,3.25,3,3.25,182,3.25,2025-03-27 19:51:00+00:00
1743105600000,3.41,3.41,3.41,1,3.41,234,3.41,2025-03-27 20:00:00+00:00
1743168600000,3.21,3.21,3.21,5,3.21,762,3.21,2025-03-28 13:30:00+00:00
1743168840000,3.15,3.15,3.15,11,3.15,803,3.15,2025-03-28 13:34:00+00:00
1743168900000,3.1499,3.15,3.1499,19,3.15,1421,3.14999,2025-03-28 13:35:00+00:00
1743169020000,3.1499,3.1499,3.1499,2,3.1499,101,3.1499,2025-03-28 13:37:00+00:00
1743169800000,3.0592,3.0592,3.0592,4,3.0592,801,3.0592,2025-03-28 13:50:00+00:00
1743170520000,3.15,3.15,3.15,2,3.15,101,3.15,2025-03-28 14:02:00+00:00
1743170580000,3.1245,3.1245,3.1245,1,3.1245,100,3.1245,2025-03-28 14:03:00+00:00
1743180000000,3.0565,3.0565,3.0565,1,3.0565,1800,3.0565,2025-03-28 16:40:00+00:00
1743183960000,3.1,3.1,3.1,8,3.1,638,3.1,2025-03-28 17:46:00+00:00
1743187920000,3.05,3.05,3.05,3,3.05,118,3.05,2025-03-28 18:52:00+00:00
1743188760000,3.1199,3.1199,3.1199,1,3.1199,112,3.1199,2025-03-28 19:06:00+00:00
1743189180000,3.05,3.05,3.05,39,3.05,1996,3.05,2025-03-28 19:13:00+00:00
1743192000000,3.06,3.06,3.06,1,3.06,863,3.06,2025-03-28 20:00:00+00:00
1743431460000,3.0271,3.0271,3.0271,1,3.0271,174,3.0271,2025-03-31 14:31:00+00:00
1743437580000,3.08,3.08,3.08,1,3.08,100,3.08,2025-03-31 16:13:00+00:00
1743442260000,3.13,3.13,3.13,2,3.13,192,3.13,2025-03-31 17:31:00+00:00
1743446640000,3.0601,3.0601,3.0601,1,3.0601,112,3.0601,2025-03-31 18:44:00+00:00
1743450540000,3.09,3.09,3.09,2,3.09,111,3.09,2025-03-31 19:49:00+00:00
1743450600000,3.11,3.11,3.11,1,3.11,100,3.11,2025-03-31 19:50:00+00:00
1743450720000,3.13,3.13,3.13,1,3.13,100,3.13,2025-03-31 19:52:00+00:00
1743450900000,3.15,3.15,3.15,1,3.15,100,3.15,2025-03-31 19:55:00+00:00
1743451020000,3.35,3.35,3.35,2,3.35,211,3.35,2025-03-31 19:57:00+00:00
1743451140000,3.06,3.07,3.06,9,3.07,359,3.063876,2025-03-31 19:59:00+00:00
1743451200000,3.05,3.05,3.05,1,3.05,300,3.05,2025-03-31 20:00:00+00:00
1743514560000,3.01,3.0717,3.01,14,3.0717,1586,3.051162,2025-04-01 13:36:00+00:00
1743514620000,2.89,2.96,2.89,7,2.96,303,2.925,2025-04-01 13:37:00+00:00
1743514740000,2.88,2.88,2.88,3,2.88,251,2.88,2025-04-01 13:39:00+00:00
1743515040000,2.87,2.88,2.86,12,2.86,1065,2.868911,2025-04-01 13:44:00+00:00
1743515220000,2.9085,2.9085,2.9085,2,2.9085,552,2.9085,2025-04-01 13:47:00+00:00
1743515340000,2.9,2.9,2.89,3,2.89,281,2.895,2025-04-01 13:49:00+00:00
1743515520000,2.818,2.818,2.818,1,2.818,219,2.818,2025-04-01 13:52:00+00:00
1743518520000,2.86,2.86,2.85,5,2.85,238,2.855,2025-04-01 14:42:00+00:00
1743523140000,3.0129,3.0129,3.0129,1,3.0129,100,3.0129,2025-04-01 15:59:00+00:00
1743600600000,3.06,3.06,3.06,2,3.06,101,3.06,2025-04-02 13:30:00+00:00
1743607440000,3.0,3.0,3.0,12,3.0,807,3.0,2025-04-02 15:24:00+00:00
1743607620000,3.32,3.32,3.32,21,3.32,264,3.32,2025-04-02 15:27:00+00:00
1743607800000,3.27,3.4445,3.27,23,3.4445,390,3.350176,2025-04-02 15:30:00+00:00
1743607920000,3.34,3.34,3.34,12,3.34,114,3.34,2025-04-02 15:32:00+00:00
1743607980000,3.41,3.41,3.41,7,3.41,206,3.41,2025-04-02 15:33:00+00:00
1743609420000,3.15,3.15,3.15,5,3.15,104,3.15,2025-04-02 15:57:00+00:00
1743609540000,3.34,3.34,3.34,17,3.34,121,3.34,2025-04-02 15:59:00+00:00
1743611100000,3.24,3.24,3.24,1,3.24,100,3.24,2025-04-02 16:25:00+00:00
1743616020000,3.15,3.15,3.15,20,3.15,276,3.15,2025-04-02 17:47:00+00:00
1743618720000,2.9575,2.9575,2.9575,2,2.9575,140,2.9575,2025-04-02 18:32:00+00:00
1743618780000,2.95,2.95,2.95,14,2.95,519,2.95,2025-04-02 18:33:00+00:00
1743618900000,3.07,3.07,3.07,85,3.07,507,3.07,2025-04-02 18:35:00+00:00
1743619020000,3.15,3.15,3.15,6,3.15,355,3.15,2025-04-02 18:37:00+00:00
1743619080000,3.03,3.03,3.03,3,3.03,201,3.03,2025-04-02 18:38:00+00:00
1743620700000,3.15,3.15,3.15,6,3.15,230,3.15,2025-04-02 19:05:00+00:00
1743622860000,3.0091,3.0091,3.0091,1,3.0091,149,3.0091,2025-04-02 19:41:00+00:00
1743623100000,3.24,3.24,3.24,1,3.24,100,3.24,2025-04-02 19:45:00+00:00
1743623460000,3.1,3.1,3.1,14,3.1,1364,3.1,2025-04-02 19:51:00+00:00
1743623520000,2.96,3.0,2.96,16,2.96,933,2.974793,2025-04-02 19:52:00+00:00
1743624000000,2.99,2.99,2.99,1,2.99,172,2.99,2025-04-02 20:00:00+00:00
1743687000000,2.84,2.84,2.84,1,2.84,160,2.84,2025-04-03 13:30:00+00:00
1743688260000,3.28,3.28,3.28,2,3.28,101,3.28,2025-04-03 13:51:00+00:00
1743689100000,2.92,2.92,2.92,1,2.92,100,2.92,2025-04-03 14:05:00+00:00
1743690840000,2.825,2.825,2.825,1,2.825,150,2.825,2025-04-03 14:34:00+00:00
1743692460000,2.808,2.808,2.808,1,2.808,100,2.808,2025-04-03 15:01:00+00:00
1743692580000,2.81,2.81,2.81,1,2.81,100,2.81,2025-04-03 15:03:00+00:00
1743693600000,2.79,2.79,2.79,2,2.79,200,2.79,2025-04-03 15:20:00+00:00
1743703740000,2.63,2.63,2.63,2,2.63,105,2.63,2025-04-03 18:09:00+00:00
1743708000000,2.79,2.79,2.79,3,2.79,327,2.79,2025-04-03 19:20:00+00:00
1743708060000,2.9,2.9,2.79,69,2.79,646,2.845,2025-04-03 19:21:00+00:00
1743708180000,2.7,2.7,2.7,9,2.7,206,2.7,2025-04-03 19:23:00+00:00
1743709980000,2.83,2.83,2.83,1,2.83,110,2.83,2025-04-03 19:53:00+00:00
1743710400000,2.77,2.77,2.77,1,2.77,324,2.77,2025-04-03 20:00:00+00:00
1743774960000,2.62,2.62,2.62,2,2.62,216,2.62,2025-04-04 13:56:00+00:00
1743777300000,2.94,2.94,2.94,41,2.94,166,2.94,2025-04-04 14:35:00+00:00
1743778980000,2.9568,3.1191,2.9568,2,3.1191,3315,3.103678,2025-04-04 15:03:00+00:00
1743779040000,2.9568,3.0998,2.9568,2,3.0998,355,3.023265,2025-04-04 15:04:00+00:00
1743779100000,2.9,2.9,2.9,20,2.9,848,2.9,2025-04-04 15:05:00+00:00
1743781320000,2.8,2.8,2.8,10,2.8,567,2.8,2025-04-04 15:42:00+00:00
1743782100000,2.71,2.71,2.71,5,2.71,2000,2.71,2025-04-04 15:55:00+00:00
1743782580000,2.8599,2.8599,2.8599,1,2.8599,129,2.8599,2025-04-04 16:03:00+00:00
1743783120000,2.7,2.7,2.7,2,2.7,101,2.7,2025-04-04 16:12:00+00:00
1743784560000,2.82,2.82,2.82,28,2.82,227,2.82,2025-04-04 16:36:00+00:00
1743784620000,2.82,2.82,2.82,39,2.82,333,2.82,2025-04-04 16:37:00+00:00
1743795120000,2.85,2.85,2.85,2,2.85,202,2.85,2025-04-04 19:32:00+00:00
1743795360000,2.84,2.84,2.84,35,2.84,217,2.84,2025-04-04 19:36:00+00:00
1743795600000,2.9,2.9,2.9,2,2.9,1000,2.9,2025-04-04 19:40:00+00:00
1743795660000,2.9,2.9,2.9,23,2.9,1281,2.9,2025-04-04 19:41:00+00:00
1744035360000,2.9,2.9,2.885,4,2.885,500,2.892665,2025-04-07 14:16:00+00:00
1744036800000,2.735,2.735,2.735,1,2.735,500,2.735,2025-04-07 14:40:00+00:00
1744041720000,2.76,2.76,2.76,1,2.76,100,2.76,2025-04-07 16:02:00+00:00
1744048980000,2.7995,2.7995,2.7995,1,2.7995,153,2.7995,2025-04-07 18:03:00+00:00
1744052160000,2.75,2.75,2.75,1,2.75,100,2.75,2025-04-07 18:56:00+00:00
1744121460000,2.766,2.766,2.766,1,2.766,1000,2.766,2025-04-08 14:11:00+00:00
1744122060000,2.9566,2.9566,2.9566,2,2.9566,240,2.9566,2025-04-08 14:21:00+00:00
1744123680000,2.76,2.76,2.76,1,2.76,100,2.76,2025-04-08 14:48:00+00:00
1744125720000,2.8622,2.8622,2.7623,2,2.7623,2165,2.769914,2025-04-08 15:22:00+00:00
1744125780000,2.8622,2.8622,2.86,2,2.86,505,2.861372,2025-04-08 15:23:00+00:00
1744134180000,2.76,2.76,2.76,2,2.76,163,2.76,2025-04-08 17:43:00+00:00
1744136700000,2.75,2.75,2.75,2,2.75,112,2.75,2025-04-08 18:25:00+00:00
1744136760000,2.7537,2.7537,2.7537,1,2.7537,334,2.7537,2025-04-08 18:26:00+00:00
1744138380000,2.75,2.75,2.75,1,2.75,100,2.75,2025-04-08 18:53:00+00:00
1744139220000,2.75,2.75,2.75,7,2.75,2947,2.75,2025-04-08 19:07:00+00:00
1744139700000,2.71,2.71,2.68,3,2.68,283,2.695,2025-04-08 19:15:00+00:00
1744205580000,2.905,2.905,2.905,1,2.905,208,2.905,2025-04-09 13:33:00+00:00
1744214520000,2.632,2.632,2.632,1,2.632,555,2.632,2025-04-09 16:02:00+00:00
1744224420000,2.77,2.88,2.77,7,2.86,645,2.852461,2025-04-09 18:47:00+00:00
1744312740000,2.64,2.64,2.64,1,2.64,750,2.64,2025-04-10 19:19:00+00:00
1744378200000,2.76,2.76,2.76,1,2.76,101,2.76,2025-04-11 13:30:00+00:00
1744380180000,2.76,2.76,2.76,1,2.76,300,2.76,2025-04-11 14:03:00+00:00
1744391700000,2.72,2.77,2.67,22,2.68,12158,2.69694,2025-04-11 17:15:00+00:00
1744391760000,2.73,2.75,2.73,10,2.75,453,2.743333,2025-04-11 17:16:00+00:00
1744391820000,2.77,2.83,2.687,17,2.73,1140,2.796258,2025-04-11 17:17:00+00:00
1744391880000,2.67,2.75,2.67,9,2.75,463,2.7125,2025-04-11 17:18:00+00:00
1744391940000,2.64,2.73,2.64,17,2.73,2732,2.650421,2025-04-11 17:19:00+00:00
1744392000000,2.7,2.7,2.7,3,2.7,905,2.7,2025-04-11 17:20:00+00:00
1744392060000,2.51,2.6902,2.51,17,2.6902,571,2.60005,2025-04-11 17:21:00+00:00
1744392120000,2.41,2.58,2.4,22,2.58,2708,2.443147,2025-04-11 17:22:00+00:00
1744392180000,2.36,2.51,2.36,7,2.51,523,2.435,2025-04-11 17:23:00+00:00
1744392240000,2.4,2.4,2.4,8,2.4,1164,2.4,2025-04-11 17:24:00+00:00
1744392300000,2.3,2.32,2.3,10,2.32,3628,2.301178,2025-04-11 17:25:00+00:00
1744392360000,2.2,2.2,2.07,14,2.0975,1428,2.101483,2025-04-11 17:26:00+00:00
1744392420000,2.0,2.2,2.0,16,2.2,2448,2.02911,2025-04-11 17:27:00+00:00
1744392480000,2.05,2.05,2.03,3,2.03,900,2.045551,2025-04-11 17:28:00+00:00
1744392540000,2.2,2.2001,2.09,5,2.09,601,2.163383,2025-04-11 17:29:00+00:00
1744392600000,2.15,2.2,2.15,3,2.2,1350,2.153704,2025-04-11 17:30:00+00:00
1744392660000,2.36,2.36,2.36,2,2.36,400,2.36,2025-04-11 17:31:00+00:00
1744392720000,2.1093,2.2,2.1093,8,2.2,452,2.149607,2025-04-11 17:32:00+00:00
1744392780000,2.25,2.25,2.25,2,2.25,1373,2.25,2025-04-11 17:33:00+00:00
1744392840000,2.07,2.07,2.03,12,2.05,1897,2.040377,2025-04-11 17:34:00+00:00
1744393260000,2.3,2.3,2.3,8,2.3,453,2.3,2025-04-11 17:41:00+00:00
1744393320000,2.2,2.2,2.2,6,2.2,269,2.2,2025-04-11 17:42:00+00:00
1744393500000,2.305,2.305,2.305,2,2.305,104,2.305,2025-04-11 17:45:00+00:00
1744393560000,2.4056,2.4056,2.4056,3,2.4056,266,2.4056,2025-04-11 17:46:00+00:00
1744394100000,2.35,2.35,2.33,5,2.33,977,2.347778,2025-04-11 17:55:00+00:00
1744637400000,2.4,2.4,2.4,2,2.4,473,2.4,2025-04-14 13:30:00+00:00
1744641360000,2.58,2.58,2.58,9,2.58,436,2.58,2025-04-14 14:36:00+00:00
1744641480000,2.56,2.58,2.56,10,2.58,475,2.570991,2025-04-14 14:38:00+00:00
1744641720000,2.575,2.575,2.575,1,2.575,100,2.575,2025-04-14 14:42:00+00:00
1744642860000,2.58,2.58,2.58,1,2.58,310,2.58,2025-04-14 15:01:00+00:00
1744645680000,2.49,2.49,2.49,1,2.49,100,2.49,2025-04-14 15:48:00+00:00
1744648740000,2.5,2.5,2.5,1,2.5,100,2.5,2025-04-14 16:39:00+00:00
1744650780000,2.63,2.63,2.63,1,2.63,100,2.63,2025-04-14 17:13:00+00:00
1744656540000,2.5,2.5,2.5,2,2.5,203,2.5,2025-04-14 18:49:00+00:00
1744660380000,2.545,2.58,2.545,4,2.58,304,2.556745,2025-04-14 19:53:00+00:00
1744725180000,2.6,2.6,2.6,1,2.6,113,2.6,2025-04-15 13:53:00+00:00
1744725660000,2.6,2.6,2.6,3,2.6,141,2.6,2025-04-15 14:01:00+00:00
1744726260000,2.6,2.6,2.6,3,2.6,145,2.6,2025-04-15 14:11:00+00:00
1744726800000,2.6,2.6,2.6,1,2.6,246,2.6,2025-04-15 14:20:00+00:00
1744727100000,2.55,2.55,2.55,5,2.55,181,2.55,2025-04-15 14:25:00+00:00
1744727220000,2.5,2.5,2.5,6,2.5,301,2.5,2025-04-15 14:27:00+00:00
1744727820000,2.5,2.5,2.5,2,2.5,200,2.5,2025-04-15 14:37:00+00:00
1744727880000,2.5,2.5,2.5,3,2.5,260,2.5,2025-04-15 14:38:00+00:00
1744728960000,2.5,2.5,2.5,2,2.5,219,2.5,2025-04-15 14:56:00+00:00
1744729860000,2.5,2.5,2.5,1,2.5,109,2.5,2025-04-15 15:11:00+00:00
1744736520000,2.41,2.5,2.41,7,2.5,360,2.450982,2025-04-15 17:02:00+00:00
1744742460000,2.42,2.48,2.42,7,2.47,705,2.454711,2025-04-15 18:41:00+00:00
1744816140000,2.5199,2.5199,2.5199,1,2.5199,100,2.5199,2025-04-16 15:09:00+00:00
1744817460000,2.465,2.465,2.465,1,2.465,500,2.465,2025-04-16 15:31:00+00:00
1744817820000,2.42,2.42,2.42,3,2.42,133,2.42,2025-04-16 15:37:00+00:00
1744824660000,2.51,2.51,2.51,1,2.51,700,2.51,2025-04-16 17:31:00+00:00
1744825260000,2.52,2.52,2.52,8,2.52,1060,2.52,2025-04-16 17:41:00+00:00
1744827780000,2.5,2.5,2.5,9,2.5,425,2.5,2025-04-16 18:23:00+00:00
1744831980000,2.476,2.476,2.476,1,2.476,200,2.476,2025-04-16 19:33:00+00:00
1744833600000,2.42,2.42,2.42,1,2.42,143,2.42,2025-04-16 20:00:00+00:00
1744896600000,2.35,2.35,2.35,2,2.35,430,2.35,2025-04-17 13:30:00+00:00
1744897080000,2.34,2.34,2.34,3,2.34,191,2.34,2025-04-17 13:38:00+00:00
1744898340000,2.3,2.3,2.3,4,2.3,182,2.3,2025-04-17 13:59:00+00:00
1744899180000,2.42,2.42,2.41,3,2.41,1000,2.418,2025-04-17 14:13:00+00:00
1744912560000,2.4,2.4,2.4,3,2.4,112,2.4,2025-04-17 17:56:00+00:00
1744919940000,2.4,2.4,2.4,2,2.4,223,2.4,2025-04-17 19:59:00+00:00
1745243160000,2.46,2.46,2.46,1,2.46,100,2.46,2025-04-21 13:46:00+00:00
1745258220000,2.25,2.25,2.25,1,2.25,100,2.25,2025-04-21 17:57:00+00:00
1745264040000,2.3,2.3,2.3,4,2.3,237,2.3,2025-04-21 19:34:00+00:00
1745264880000,2.29,2.29,2.29,1,2.29,500,2.29,2025-04-21 19:48:00+00:00
1745265000000,2.33,2.33,2.33,6,2.33,325,2.33,2025-04-21 19:50:00+00:00
1745341260000,2.44,2.44,2.44,2,2.44,262,2.44,2025-04-22 17:01:00+00:00
1745350080000,2.52,2.52,2.52,4,2.52,319,2.52,2025-04-22 19:28:00+00:00
1745350500000,2.52,2.52,2.52,1,2.52,564,2.52,2025-04-22 19:35:00+00:00
1745351940000,2.4978,2.5,2.4978,16,2.5,2645,2.498314,2025-04-22 19:59:00+00:00
1745424900000,2.33,2.33,2.33,1,2.33,115,2.33,2025-04-23 16:15:00+00:00
1745426100000,2.4899,2.4899,2.48,8,2.48,4500,2.489453,2025-04-23 16:35:00+00:00
1745427360000,2.395,2.395,2.395,1,2.395,235,2.395,2025-04-23 16:56:00+00:00
1745502900000,2.395,2.395,2.395,1,2.395,123,2.395,2025-04-24 13:55:00+00:00
1745515800000,2.3672,2.3672,2.3672,1,2.3672,100,2.3672,2025-04-24 17:30:00+00:00
1745587980000,2.4883,2.49,2.4883,6,2.4883,4663,2.489068,2025-04-25 13:33:00+00:00
1745610900000,2.77,2.77,2.77,3,2.77,363,2.77,2025-04-25 19:55:00+00:00
1745611140000,2.76,2.76,2.76,8,2.76,218,2.76,2025-04-25 19:59:00+00:00
1745847300000,2.74,2.7499,2.74,9,2.74,1103,2.744473,2025-04-28 13:35:00+00:00
1745847780000,2.7,2.7,2.7,2,2.7,308,2.7,2025-04-28 13:43:00+00:00
1745849880000,2.725,2.725,2.725,1,2.725,100,2.725,2025-04-28 14:18:00+00:00
1745850660000,2.75,2.75,2.75,3,2.75,763,2.75,2025-04-28 14:31:00+00:00
1745851860000,2.77,2.77,2.77,3,2.77,163,2.77,2025-04-28 14:51:00+00:00
1745855940000,2.78,2.78,2.78,5,2.78,301,2.78,2025-04-28 15:59:00+00:00
1745856060000,2.78,2.78,2.78,16,2.78,4973,2.78,2025-04-28 16:01:00+00:00
1745856540000,2.775,2.775,2.775,1,2.775,500,2.775,2025-04-28 16:09:00+00:00
1745860740000,2.75,2.75,2.75,3,2.75,208,2.75,2025-04-28 17:19:00+00:00
1745933400000,2.5137,2.5137,2.5137,3,2.5137,307,2.5137,2025-04-29 13:30:00+00:00
1745934060000,2.76,2.76,2.75,4,2.75,1000,2.755,2025-04-29 13:41:00+00:00
1745934960000,2.7,2.7,2.7,1,2.7,450,2.7,2025-04-29 13:56:00+00:00
1745935020000,2.73,2.73,2.73,2,2.73,575,2.73,2025-04-29 13:57:00+00:00
1745940060000,2.76,2.76,2.7415,6,2.7415,4635,2.756502,2025-04-29 15:21:00+00:00
1745943900000,2.76,2.76,2.76,1,2.76,100,2.76,2025-04-29 16:25:00+00:00
1745944320000,2.76,2.76,2.76,18,2.76,1577,2.76,2025-04-29 16:32:00+00:00
1745954160000,2.76,2.76,2.76,5,2.76,128,2.76,2025-04-29 19:16:00+00:00
1746041760000,2.7,2.7,2.7,3,2.7,234,2.7,2025-04-30 19:36:00+00:00
1746113100000,2.945,2.945,2.945,4,2.945,118,2.945,2025-05-01 15:25:00+00:00
1746113880000,3.0353,3.0353,3.0353,1,3.0353,500,3.0353,2025-05-01 15:38:00+00:00
1746119880000,3.0,3.03,3.0,13,3.03,5884,3.025552,2025-05-01 17:18:00+00:00
1746126540000,2.82,2.82,2.82,3,2.82,195,2.82,2025-05-01 19:09:00+00:00
1746128400000,2.955,2.955,2.955,4,2.955,1100,2.955,2025-05-01 19:40:00+00:00
1746128460000,2.955,2.955,2.955,1,2.955,126,2.955,2025-05-01 19:41:00+00:00
1746128580000,2.93,2.93,2.93,4,2.93,212,2.93,2025-05-01 19:43:00+00:00
1746128760000,2.98,2.98,2.98,3,2.98,250,2.98,2025-05-01 19:46:00+00:00
1746128820000,2.9799,2.9799,2.9799,2,2.9799,255,2.9799,2025-05-01 19:47:00+00:00
1746129600000,2.98,2.98,2.98,1,2.98,119,2.98,2025-05-01 20:00:00+00:00
1746192960000,2.7201,2.7201,2.7201,1,2.7201,129,2.7201,2025-05-02 13:36:00+00:00
1746193080000,2.85,2.85,2.72,10,2.85,2532,2.737295,2025-05-02 13:38:00+00:00
1746202380000,2.82,2.82,2.82,1,2.82,100,2.82,2025-05-02 16:13:00+00:00
1746202560000,2.82,2.82,2.82,2,2.82,173,2.82,2025-05-02 16:16:00+00:00
1746202740000,2.82,2.82,2.82,1,2.82,100,2.82,2025-05-02 16:19:00+00:00
1746203220000,2.82,2.82,2.82,1,2.82,100,2.82,2025-05-02 16:27:00+00:00
1746203280000,2.82,2.82,2.82,1,2.82,100,2.82,2025-05-02 16:28:00+00:00
1746203340000,2.82,2.82,2.82,1,2.82,100,2.82,2025-05-02 16:29:00+00:00
1746203400000,2.82,2.82,2.82,1,2.82,100,2.82,2025-05-02 16:30:00+00:00
1746203460000,2.82,2.82,2.82,1,2.82,100,2.82,2025-05-02 16:31:00+00:00
1746204660000,2.9525,2.9525,2.9525,4,2.9525,113,2.9525,2025-05-02 16:51:00+00:00
1746206940000,2.785,2.785,2.785,1,2.785,104,2.785,2025-05-02 17:29:00+00:00
1746212100000,2.82,2.82,2.82,2,2.82,1077,2.82,2025-05-02 18:55:00+00:00
1746214200000,2.641,2.641,2.641,3,2.641,102,2.641,2025-05-02 19:30:00+00:00
1746451800000,2.86,2.86,2.86,1,2.86,131,2.86,2025-05-05 13:30:00+00:00
1746462900000,2.97,2.97,2.93,26,2.95,2961,2.958699,2025-05-05 16:35:00+00:00
1746462960000,2.9,2.9,2.9,10,2.9,1018,2.9,2025-05-05 16:36:00+00:00
1746467160000,2.9,2.9,2.9,1,2.9,1000,2.9,2025-05-05 17:46:00+00:00
1746474360000,2.97,2.97,2.97,4,2.97,181,2.97,2025-05-05 19:46:00+00:00
1746548400000,2.64,2.64,2.59,41,2.6,1651,2.609024,2025-05-06 16:20:00+00:00
1746548460000,2.8,2.8,2.8,30,2.8,787,2.8,2025-05-06 16:21:00+00:00
1746548520000,2.8,2.93,2.8,19,2.8,714,2.826,2025-05-06 16:22:00+00:00
1746548580000,2.8,2.93,2.8,19,2.93,1800,2.815294,2025-05-06 16:23:00+00:00
1746548640000,2.89,2.89,2.66,8,2.66,888,2.824286,2025-05-06 16:24:00+00:00
1746548700000,2.82,2.82,2.82,4,2.82,104,2.82,2025-05-06 16:25:00+00:00
1746549060000,2.84,2.84,2.84,25,2.84,909,2.84,2025-05-06 16:31:00+00:00
1746549120000,2.8,2.81,2.8,2,2.81,200,2.805,2025-05-06 16:32:00+00:00
1746550500000,2.82,2.82,2.82,1,2.82,108,2.82,2025-05-06 16:55:00+00:00
1746551820000,2.55,2.59,2.55,8,2.59,1242,2.554133,2025-05-06 17:17:00+00:00
1746555000000,2.65,2.65,2.65,2,2.65,146,2.65,2025-05-06 18:10:00+00:00
1746555060000,2.6,2.67,2.6,5,2.67,368,2.622195,2025-05-06 18:11:00+00:00
1746555120000,2.8,2.8,2.8,1,2.8,1000,2.8,2025-05-06 18:12:00+00:00
1746559380000,2.5,2.52,2.5,5,2.52,500,2.512,2025-05-06 19:23:00+00:00
1746559680000,2.5,2.5,2.5,1,2.5,400,2.5,2025-05-06 19:28:00+00:00
1746632940000,2.5,2.5,2.4935,2,2.4935,2100,2.49381,2025-05-07 15:49:00+00:00
1746635640000,2.45,2.45,2.45,14,2.45,481,2.45,2025-05-07 16:34:00+00:00
1746636480000,2.3801,2.3801,2.38,8,2.38,1927,2.380094,2025-05-07 16:48:00+00:00
1746636540000,2.3,2.38,2.3,13,2.38,792,2.363193,2025-05-07 16:49:00+00:00
1746636600000,2.31,2.35,2.31,9,2.35,527,2.336667,2025-05-07 16:50:00+00:00
1746636900000,2.315,2.315,2.315,1,2.315,205,2.315,2025-05-07 16:55:00+00:00
1746638160000,2.39,2.4,2.39,5,2.4,380,2.396667,2025-05-07 17:16:00+00:00
1746638820000,2.4417,2.4417,2.4417,1,2.4417,100,2.4417,2025-05-07 17:27:00+00:00
1746639960000,2.38,2.38,2.38,2,2.38,200,2.38,2025-05-07 17:46:00+00:00
1746640020000,2.35,2.35,2.35,11,2.35,135,2.35,2025-05-07 17:47:00+00:00
1746640200000,2.38,2.38,2.38,1,2.38,523,2.38,2025-05-07 17:50:00+00:00
1746640800000,2.4,2.43,2.34,9,2.34,1575,2.419809,2025-05-07 18:00:00+00:00
1746641640000,2.3156,2.3156,2.3156,1,2.3156,870,2.3156,2025-05-07 18:14:00+00:00
1746644100000,2.425,2.425,2.425,1,2.425,241,2.425,2025-05-07 18:55:00+00:00
1746645360000,2.5,2.5,2.4,7,2.4,802,2.433385,2025-05-07 19:16:00+00:00
1746712740000,2.62,2.69,2.49,20,2.49,1149,2.603758,2025-05-08 13:59:00+00:00
1746712800000,2.68,2.68,2.57,7,2.68,504,2.614,2025-05-08 14:00:00+00:00
1746715380000,2.5,2.5,2.5,21,2.5,120,2.5,2025-05-08 14:43:00+00:00
1746731280000,2.504,2.504,2.504,1,2.504,500,2.504,2025-05-08 19:08:00+00:00
1746798660000,2.5164,2.5164,2.5164,2,2.5164,200,2.5164,2025-05-09 13:51:00+00:00
1746799020000,2.5,2.5,2.5,2,2.5,500,2.5,2025-05-09 13:57:00+00:00
1746819480000,2.55,2.55,2.55,8,2.55,1339,2.55,2025-05-09 19:38:00+00:00
1746819840000,2.55,2.55,2.55,3,2.55,621,2.55,2025-05-09 19:44:00+00:00
1746819900000,2.55,2.55,2.55,2,2.55,276,2.55,2025-05-09 19:45:00+00:00
1747060740000,2.53,2.53,2.53,1,2.53,100,2.53,2025-05-12 14:39:00+00:00
1747062960000,2.4701,2.475,2.47,4,2.475,350,2.4717,2025-05-12 15:16:00+00:00
1747071240000,2.5328,2.5328,2.5328,3,2.5328,279,2.5328,2025-05-12 17:34:00+00:00
1747076640000,2.55,2.55,2.5,33,2.5,1026,2.518672,2025-05-12 19:04:00+00:00
1747076700000,2.55,2.55,2.55,14,2.55,1178,2.55,2025-05-12 19:05:00+00:00
1747076760000,2.62,2.62,2.62,43,2.62,593,2.62,2025-05-12 19:06:00+00:00
1747076820000,2.62,2.73,2.61,35,2.73,1040,2.672857,2025-05-12 19:07:00+00:00
1747076880000,2.61,2.75,2.61,31,2.62,2673,2.667273,2025-05-12 19:08:00+00:00
1747076940000,2.6,2.73,2.6,20,2.73,2685,2.6324,2025-05-12 19:09:00+00:00
1747077000000,2.57,2.69,2.57,7,2.69,625,2.589512,2025-05-12 19:10:00+00:00
1747077120000,2.55,2.55,2.55,1,2.55,306,2.55,2025-05-12 19:12:00+00:00
1747078140000,2.56,2.63,2.56,12,2.63,495,2.5775,2025-05-12 19:29:00+00:00
1747078200000,2.64,2.68,2.64,3,2.68,295,2.66,2025-05-12 19:30:00+00:00
1747147920000,2.37,2.37,2.37,4,2.37,210,2.37,2025-05-13 14:52:00+00:00
1747147980000,2.77,2.77,2.77,1,2.77,180,2.77,2025-05-13 14:53:00+00:00
1747151820000,2.5,2.51,2.5,5,2.5,498,2.502513,2025-05-13 15:57:00+00:00
1747153380000,2.5,2.5,2.5,8,2.5,229,2.5,2025-05-13 16:23:00+00:00
1747153440000,2.549,2.549,2.5,20,2.5,1390,2.541875,2025-05-13 16:24:00+00:00
1747153500000,2.51,2.51,2.51,2,2.51,200,2.51,2025-05-13 16:25:00+00:00
1747153560000,2.6,2.6,2.6,2,2.6,103,2.6,2025-05-13 16:26:00+00:00
1747153620000,2.5,2.61,2.5,13,2.61,1503,2.548571,2025-05-13 16:27:00+00:00
1747155300000,2.495,2.495,2.495,1,2.495,320,2.495,2025-05-13 16:55:00+00:00
1747158120000,2.41,2.47,2.41,4,2.47,500,2.42504,2025-05-13 17:42:00+00:00
1747163160000,2.52,2.52,2.52,1,2.52,459,2.52,2025-05-13 19:06:00+00:00
1747166340000,2.52,2.52,2.52,2,2.52,294,2.52,2025-05-13 19:59:00+00:00
1747230780000,2.43,2.465,2.43,4,2.465,259,2.445982,2025-05-14 13:53:00+00:00
1747232100000,2.43,2.465,2.43,2,2.465,470,2.45234,2025-05-14 14:15:00+00:00
1747246980000,2.46,2.46,2.46,5,2.46,243,2.46,2025-05-14 18:23:00+00:00
1747247520000,2.485,2.485,2.485,2,2.485,138,2.485,2025-05-14 18:32:00+00:00
1747252800000,2.45,2.45,2.45,1,2.45,1038,2.45,2025-05-14 20:00:00+00:00
1747317720000,2.45,2.45,2.45,7,2.45,1074,2.45,2025-05-15 14:02:00+00:00
1747319220000,2.45,2.45,2.45,2,2.45,106,2.45,2025-05-15 14:27:00+00:00
1747330320000,2.45,2.45,2.4496,10,2.4496,1484,2.449708,2025-05-15 17:32:00+00:00
1747330380000,2.45,2.45,2.45,9,2.45,864,2.45,2025-05-15 17:33:00+00:00
1747330920000,2.4492,2.4492,2.4492,1,2.4492,1000,2.4492,2025-05-15 17:42:00+00:00
1747332600000,2.45,2.45,2.45,1,2.45,100,2.45,2025-05-15 18:10:00+00:00
1747333500000,2.43,2.45,2.43,2,2.45,500,2.446,2025-05-15 18:25:00+00:00
1747334400000,2.45,2.45,2.45,1,2.45,100,2.45,2025-05-15 18:40:00+00:00
1747335000000,2.4296,2.4296,2.4296,1,2.4296,2300,2.4296,2025-05-15 18:50:00+00:00
1747335720000,2.4,2.43,2.4,14,2.418,2412,2.410661,2025-05-15 19:02:00+00:00
1747339080000,2.41,2.41,2.41,3,2.41,269,2.41,2025-05-15 19:58:00+00:00
1747339200000,2.4,2.4,2.4,1,2.4,133,2.4,2025-05-15 20:00:00+00:00
1747403340000,2.3654,2.3654,2.3654,2,2.3654,181,2.3654,2025-05-16 13:49:00+00:00
1747416420000,2.585,2.585,2.585,3,2.585,309,2.585,2025-05-16 17:27:00+00:00
1747423680000,2.59,2.59,2.59,6,2.59,273,2.59,2025-05-16 19:28:00+00:00
1747424760000,2.62,2.62,2.62,3,2.62,250,2.62,2025-05-16 19:46:00+00:00
1747425600000,2.48,2.48,2.48,1,2.48,2241,2.48,2025-05-16 20:00:00+00:00
1747663740000,2.48,2.48,2.47,19,2.47,4054,2.479082,2025-05-19 14:09:00+00:00
1747664280000,2.4343,2.4343,2.4343,3,2.4343,1002,2.4343,2025-05-19 14:18:00+00:00
1747664340000,2.425,2.425,2.425,1,2.425,1000,2.425,2025-05-19 14:19:00+00:00
1747664940000,2.4795,2.4795,2.47,6,2.47,600,2.47475,2025-05-19 14:29:00+00:00
1747668180000,2.48,2.48,2.48,17,2.48,409,2.48,2025-05-19 15:23:00+00:00
1747680540000,2.48,2.48,2.48,1,2.48,200,2.48,2025-05-19 18:49:00+00:00
1747747800000,2.47,2.47,2.47,2,2.47,179,2.47,2025-05-20 13:30:00+00:00
1747749300000,2.42,2.42,2.42,7,2.42,261,2.42,2025-05-20 13:55:00+00:00
1747751400000,2.4201,2.4201,2.4201,1,2.4201,200,2.4201,2025-05-20 14:30:00+00:00
1747752540000,2.4202,2.4202,2.4202,3,2.4202,252,2.4202,2025-05-20 14:49:00+00:00
1747757460000,2.45,2.45,2.45,5,2.45,547,2.45,2025-05-20 16:11:00+00:00
1747758780000,2.42,2.42,2.42,2,2.42,254,2.42,2025-05-20 16:33:00+00:00
1747759440000,2.37,2.37,2.37,12,2.37,355,2.37,2025-05-20 16:44:00+00:00
1747759560000,2.35,2.35,2.35,2,2.35,105,2.35,2025-05-20 16:46:00+00:00
1747759920000,2.38,2.38,2.38,6,2.38,1003,2.38,2025-05-20 16:52:00+00:00
1747759980000,2.38,2.38,2.38,9,2.38,256,2.38,2025-05-20 16:53:00+00:00
1747760100000,2.39,2.39,2.3898,6,2.3898,329,2.38988,2025-05-20 16:55:00+00:00
1747760760000,2.36,2.36,2.36,1,2.36,100,2.36,2025-05-20 17:06:00+00:00
1747762680000,2.38,2.38,2.38,2,2.38,193,2.38,2025-05-20 17:38:00+00:00
1747764960000,2.43,2.43,2.43,1,2.43,175,2.43,2025-05-20 18:16:00+00:00
1747836540000,2.44,2.44,2.44,4,2.44,177,2.44,2025-05-21 14:09:00+00:00
1747837260000,2.47,2.47,2.47,4,2.47,323,2.47,2025-05-21 14:21:00+00:00
1747837500000,2.45,2.45,2.45,3,2.45,527,2.45,2025-05-21 14:25:00+00:00
1747837620000,2.48,2.48,2.48,15,2.48,2007,2.48,2025-05-21 14:27:00+00:00
1747841760000,2.465,2.465,2.46,7,2.46,1000,2.462505,2025-05-21 15:36:00+00:00
1747845120000,2.45,2.45,2.45,8,2.45,927,2.45,2025-05-21 16:32:00+00:00
1747857600000,2.35,2.35,2.35,1,2.35,384,2.35,2025-05-21 20:00:00+00:00
1747920600000,2.31,2.31,2.31,3,2.31,352,2.31,2025-05-22 13:30:00+00:00
1747941540000,2.48,2.48,2.38,37,2.38,3847,2.449606,2025-05-22 19:19:00+00:00
1747941600000,2.48,2.48,2.48,2,2.48,1443,2.48,2025-05-22 19:20:00+00:00
1747944000000,2.32,2.32,2.32,1,2.32,119,2.32,2025-05-22 20:00:00+00:00
1748009700000,2.34,2.34,2.34,5,2.34,1815,2.34,2025-05-23 14:15:00+00:00
1748013240000,2.46,2.46,2.46,2,2.46,148,2.46,2025-05-23 15:14:00+00:00
1748022300000,2.46,2.46,2.46,3,2.46,133,2.46,2025-05-23 17:45:00+00:00
1748022960000,2.41,2.41,2.41,1,2.41,150,2.41,2025-05-23 17:56:00+00:00
1748026680000,2.42,2.42,2.42,1,2.42,100,2.42,2025-05-23 18:58:00+00:00
1748028360000,2.42,2.42,2.42,6,2.42,1015,2.42,2025-05-23 19:26:00+00:00
1748028420000,2.5,2.5,2.5,8,2.5,1009,2.5,2025-05-23 19:27:00+00:00
1748029140000,2.5999,2.5999,2.58,9,2.59,1000,2.588867,2025-05-23 19:39:00+00:00
1748029200000,2.5216,2.5216,2.5216,3,2.5216,1037,2.5216,2025-05-23 19:40:00+00:00
1748029260000,2.58,2.58,2.58,9,2.58,1078,2.58,2025-05-23 19:41:00+00:00
1748030340000,2.61,2.61,2.61,3,2.61,190,2.61,2025-05-23 19:59:00+00:00
1748030400000,2.6,2.6,2.6,1,2.6,106,2.6,2025-05-23 20:00:00+00:00
1748352600000,2.73,2.73,2.73,4,2.73,278,2.73,2025-05-27 13:30:00+00:00
1748352780000,2.63,2.63,2.63,3,2.63,215,2.63,2025-05-27 13:33:00+00:00
1748376000000,2.55,2.55,2.55,1,2.55,236,2.55,2025-05-27 20:00:00+00:00
1748441340000,2.5,2.5,2.5,1,2.5,2100,2.5,2025-05-28 14:09:00+00:00
1748459160000,2.55,2.55,2.55,1,2.55,130,2.55,2025-05-28 19:06:00+00:00
1748527140000,2.63,2.63,2.63,1,2.63,300,2.63,2025-05-29 13:59:00+00:00
1748529360000,2.7699,2.7699,2.62,7,2.74,1847,2.696849,2025-05-29 14:36:00+00:00
1748545740000,2.487,2.487,2.487,1,2.487,1613,2.487,2025-05-29 19:09:00+00:00
1748611800000,2.53,2.53,2.53,2,2.53,108,2.53,2025-05-30 13:30:00+00:00
1748612220000,2.69,2.69,2.69,1,2.69,100,2.69,2025-05-30 13:37:00+00:00
1748614920000,2.4731,2.4731,2.4731,3,2.4731,202,2.4731,2025-05-30 14:22:00+00:00
1748621700000,2.5006,2.53,2.5006,7,2.53,330,2.5153,2025-05-30 16:15:00+00:00
1748622360000,2.5,2.5,2.5,5,2.5,124,2.5,2025-05-30 16:26:00+00:00
1748625780000,2.5,2.5,2.5,3,2.5,112,2.5,2025-05-30 17:23:00+00:00
1748628780000,2.49,2.49,2.49,4,2.49,118,2.49,2025-05-30 18:13:00+00:00
1748631480000,2.49,2.49,2.49,5,2.49,124,2.49,2025-05-30 18:58:00+00:00
1748633520000,2.49,2.49,2.49,1,2.49,100,2.49,2025-05-30 19:32:00+00:00
1748634780000,2.49,2.49,2.49,1,2.49,100,2.49,2025-05-30 19:53:00+00:00
1748871540000,2.47,2.47,2.47,5,2.47,501,2.47,2025-06-02 13:39:00+00:00
1748875140000,2.36,2.5,2.36,9,2.48,1402,2.479691,2025-06-02 14:39:00+00:00
1748884080000,2.425,2.425,2.425,5,2.425,1100,2.425,2025-06-02 17:08:00+00:00
1748894400000,2.47,2.47,2.47,1,2.47,189,2.47,2025-06-02 20:00:00+00:00
1748961420000,2.56,2.56,2.54,31,2.54,10120,2.558743,2025-06-03 14:37:00+00:00
1748961480000,2.54,2.54,2.54,6,2.54,216,2.54,2025-06-03 14:38:00+00:00
1748961540000,2.4495,2.4495,2.4495,1,2.4495,384,2.4495,2025-06-03 14:39:00+00:00
1748961600000,2.56,2.56,2.56,1,2.56,600,2.56,2025-06-03 14:40:00+00:00
1748966160000,2.56,2.56,2.56,1,2.56,5000,2.56,2025-06-03 15:56:00+00:00
1748966400000,2.56,2.56,2.56,19,2.56,2751,2.56,2025-06-03 16:00:00+00:00
1748966640000,2.57,2.57,2.57,2,2.57,106,2.57,2025-06-03 16:04:00+00:00
1748978400000,2.5101,2.5101,2.5101,1,2.5101,100,2.5101,2025-06-03 19:20:00+00:00
1748980800000,2.53,2.53,2.53,1,2.53,197,2.53,2025-06-03 20:00:00+00:00
1749045660000,2.57,2.57,2.57,2,2.57,200,2.57,2025-06-04 14:01:00+00:00
1749063540000,2.8,2.8,2.78,16,2.79,2388,2.798125,2025-06-04 18:59:00+00:00
1749065160000,2.5959,2.5959,2.5959,1,2.5959,100,2.5959,2025-06-04 19:26:00+00:00
1749067140000,2.66,2.66,2.66,5,2.66,217,2.66,2025-06-04 19:59:00+00:00
1749133800000,2.8,2.8,2.77,17,2.77,2747,2.79545,2025-06-05 14:30:00+00:00
1749139140000,3.0,3.0,2.98,6,2.98,951,2.987859,2025-06-05 15:59:00+00:00
1749141900000,3.0,3.0,3.0,2,3.0,125,3.0,2025-06-05 16:45:00+00:00
1749143220000,3.05,3.05,2.94,2,2.94,247,2.984534,2025-06-05 17:07:00+00:00
1749146940000,2.87,2.89,2.87,9,2.8801,1616,2.880638,2025-06-05 18:09:00+00:00
1749152220000,2.8,2.81,2.8,7,2.81,1531,2.800714,2025-06-05 19:37:00+00:00
1749152400000,2.7868,2.7868,2.7868,3,2.7868,9313,2.7868,2025-06-05 19:40:00+00:00
1749153120000,2.94,2.94,2.94,1,2.94,100,2.94,2025-06-05 19:52:00+00:00
1749153420000,2.62,2.64,2.62,3,2.63,310,2.629677,2025-06-05 19:57:00+00:00
1749216600000,3.05,3.05,3.0,6,3.0,1085,3.020661,2025-06-06 13:30:00+00:00
1749216720000,2.99,2.99,2.99,1,2.99,100,2.99,2025-06-06 13:32:00+00:00
1749216960000,2.9745,3.0,2.9745,2,3.0,1500,2.98725,2025-06-06 13:36:00+00:00
1749228240000,2.78,2.78,2.78,1,2.78,750,2.78,2025-06-06 16:44:00+00:00
1749230220000,2.765,2.765,2.765,1,2.765,108,2.765,2025-06-06 17:17:00+00:00
1749240000000,2.99,2.99,2.99,1,2.99,168,2.99,2025-06-06 20:00:00+00:00
1749475800000,3.0,3.0,3.0,2,3.0,104,3.0,2025-06-09 13:30:00+00:00
1749488460000,2.805,2.805,2.805,1,2.805,400,2.805,2025-06-09 17:01:00+00:00
1749490980000,2.81,2.81,2.81,1,2.81,150,2.81,2025-06-09 17:43:00+00:00
1749493080000,2.66,2.66,2.66,2,2.66,116,2.66,2025-06-09 18:18:00+00:00
1749498840000,2.6701,2.6701,2.6701,6,2.6701,196,2.6701,2025-06-09 19:54:00+00:00
1749499200000,2.92,2.92,2.92,8,2.92,446,2.92,2025-06-09 20:00:00+00:00
1749563040000,2.95,2.95,2.95,2,2.95,136,2.95,2025-06-10 13:44:00+00:00
1749563520000,2.78,2.78,2.78,1,2.78,100,2.78,2025-06-10 13:52:00+00:00
1749563880000,2.78,2.78,2.78,6,2.78,331,2.78,2025-06-10 13:58:00+00:00
1749579600000,2.9651,2.9651,2.9651,3,2.9651,1217,2.9651,2025-06-10 18:20:00+00:00
1749650280000,2.93,2.95,2.93,15,2.95,369,2.942,2025-06-11 13:58:00+00:00
1749651420000,2.9588,2.9588,2.9588,3,2.9588,107,2.9588,2025-06-11 14:17:00+00:00
1749654060000,3.0,3.0,3.0,7,3.0,3467,3.0,2025-06-11 15:01:00+00:00
1749654120000,3.12,3.12,3.11,3,3.11,300,3.116667,2025-06-11 15:02:00+00:00
1749654240000,2.95,2.95,2.95,1,2.95,246,2.95,2025-06-11 15:04:00+00:00
1749654540000,2.95,2.95,2.95,1,2.95,300,2.95,2025-06-11 15:09:00+00:00
1749659640000,2.95,2.97,2.95,9,2.95,2346,2.952923,2025-06-11 16:34:00+00:00
1749668940000,2.9714,2.9714,2.9714,2,2.9714,204,2.9714,2025-06-11 19:09:00+00:00
1749736140000,2.9282,2.9282,2.9282,3,2.9282,171,2.9282,2025-06-12 13:49:00+00:00
1749742500000,3.07,3.07,3.07,2,3.07,104,3.07,2025-06-12 15:35:00+00:00
1749742560000,3.05,3.05,3.05,2,3.05,917,3.05,2025-06-12 15:36:00+00:00
1749742620000,3.1,3.1,3.1,2,3.1,101,3.1,2025-06-12 15:37:00+00:00
1749744000000,2.7869,2.7869,2.7869,5,2.7869,182,2.7869,2025-06-12 16:00:00+00:00
1749745800000,3.04,3.04,3.04,2,3.04,285,3.04,2025-06-12 16:30:00+00:00
1749831540000,3.0,3.0,3.0,2,3.0,110,3.0,2025-06-13 16:19:00+00:00
1749834000000,3.0,3.0,3.0,1,3.0,300,3.0,2025-06-13 17:00:00+00:00
1749844800000,2.82,2.82,2.82,1,2.82,103,2.82,2025-06-13 20:00:00+00:00
1750080600000,2.93,2.93,2.93,2,2.93,207,2.93,2025-06-16 13:30:00+00:00
1750088640000,2.9106,2.9106,2.9106,1,2.9106,1499,2.9106,2025-06-16 15:44:00+00:00
1750097700000,2.9008,2.9008,2.9008,1,2.9008,145,2.9008,2025-06-16 18:15:00+00:00
1750104000000,2.79,2.79,2.79,1,2.79,341,2.79,2025-06-16 20:00:00+00:00
1750176960000,3.01,3.01,3.01,9,3.01,157,3.01,2025-06-17 16:16:00+00:00
1750189200000,2.9525,2.9525,2.9525,1,2.9525,100,2.9525,2025-06-17 19:40:00+00:00
1750190400000,2.79,2.79,2.79,1,2.79,276,2.79,2025-06-17 20:00:00+00:00
1750253400000,3.0,3.0,3.0,2,3.0,193,3.0,2025-06-18 13:30:00+00:00
1750254720000,2.895,2.895,2.895,2,2.895,400,2.895,2025-06-18 13:52:00+00:00
1750254900000,2.895,2.895,2.895,1,2.895,500,2.895,2025-06-18 13:55:00+00:00
1750259940000,2.81,2.85,2.81,7,2.85,683,2.817168,2025-06-18 15:19:00+00:00
1750263720000,2.8899,2.8899,2.8899,2,2.8899,308,2.8899,2025-06-18 16:22:00+00:00
1750276800000,2.79,2.79,2.79,1,2.79,154,2.79,2025-06-18 20:00:00+00:00
1750430520000,2.7901,2.7901,2.7901,7,2.7901,5000,2.7901,2025-06-20 14:42:00+00:00
1750431540000,2.63,2.79,2.63,17,2.79,1641,2.717681,2025-06-20 14:59:00+00:00
1750449600000,2.63,2.63,2.63,1,2.63,1033,2.63,2025-06-20 20:00:00+00:00
1750687020000,2.6412,2.6412,2.6412,1,2.6412,150,2.6412,2025-06-23 13:57:00+00:00
1750688100000,2.9699,2.9699,2.9699,5,2.9699,171,2.9699,2025-06-23 14:15:00+00:00
1750699620000,2.92,2.92,2.92,1,2.92,100,2.92,2025-06-23 17:27:00+00:00
1750700400000,2.63,2.795,2.63,34,2.795,3584,2.707462,2025-06-23 17:40:00+00:00
1750700880000,2.62,2.62,2.51,12,2.54,1115,2.533265,2025-06-23 17:48:00+00:00
1750701600000,2.5465,2.5465,2.5465,1,2.5465,200,2.5465,2025-06-23 18:00:00+00:00
1750701900000,2.5792,2.5792,2.5792,1,2.5792,2500,2.5792,2025-06-23 18:05:00+00:00
1750705380000,2.4901,2.4901,2.49,4,2.49,239,2.49005,2025-06-23 19:03:00+00:00
1750708800000,2.48,2.48,2.48,1,2.48,1292,2.48,2025-06-23 20:00:00+00:00
1750771800000,2.5,2.5,2.5,1,2.5,102,2.5,2025-06-24 13:30:00+00:00
1750772880000,2.63,2.63,2.63,1,2.63,500,2.63,2025-06-24 13:48:00+00:00
1750773360000,2.4992,2.4992,2.4992,1,2.4992,406,2.4992,2025-06-24 13:56:00+00:00
1750777320000,2.4722,2.5101,2.4722,13,2.51,611,2.484796,2025-06-24 15:02:00+00:00
1750783680000,2.675,2.675,2.675,1,2.675,500,2.675,2025-06-24 16:48:00+00:00
1750787160000,2.56,2.56,2.56,1,2.56,100,2.56,2025-06-24 17:46:00+00:00
1750793280000,2.6169,2.6169,2.6169,2,2.6169,203,2.6169,2025-06-24 19:28:00+00:00
1750795200000,2.53,2.53,2.53,1,2.53,1537,2.53,2025-06-24 20:00:00+00:00
1750944600000,2.76,2.76,2.76,1,2.76,293,2.76,2025-06-26 13:30:00+00:00
1750946040000,2.3801,2.5701,2.38,35,2.57,7441,2.468466,2025-06-26 13:54:00+00:00
1750951260000,2.55,2.55,2.55,3,2.55,152,2.55,2025-06-26 15:21:00+00:00
1750951500000,2.61,2.61,2.61,15,2.61,851,2.61,2025-06-26 15:25:00+00:00
1750954500000,2.79,2.79,2.7598,14,2.7598,2839,2.762156,2025-06-26 16:15:00+00:00
1750955040000,2.76,2.77,2.76,4,2.77,502,2.762,2025-06-26 16:24:00+00:00
1750957440000,2.94,2.94,2.94,4,2.94,132,2.94,2025-06-26 17:04:00+00:00
1750962600000,2.94,2.94,2.94,2,2.94,120,2.94,2025-06-26 18:30:00+00:00
1750966200000,2.89,2.89,2.89,2,2.89,135,2.89,2025-06-26 19:30:00+00:00
1750967100000,2.89,2.89,2.89,5,2.89,149,2.89,2025-06-26 19:45:00+00:00
1750967220000,2.76,2.85,2.76,11,2.85,2000,2.766224,2025-06-26 19:47:00+00:00
1750967400000,2.79,2.79,2.79,2,2.79,135,2.79,2025-06-26 19:50:00+00:00
1750968000000,2.93,2.93,2.93,1,2.93,314,2.93,2025-06-26 20:00:00+00:00
1751037960000,2.83,2.83,2.83,1,2.83,100,2.83,2025-06-27 15:26:00+00:00
1751053800000,2.9,2.9,2.9,1,2.9,170,2.9,2025-06-27 19:50:00+00:00
1751053860000,2.94,2.94,2.88,14,2.88,1117,2.921073,2025-06-27 19:51:00+00:00
1751054100000,3.5,3.5,2.98,29,2.98,2007,3.222755,2025-06-27 19:55:00+00:00
1751054160000,3.48,3.48,3.48,2,3.48,111,3.48,2025-06-27 19:56:00+00:00
1751054220000,3.74,3.74,3.72,11,3.73,1095,3.734361,2025-06-27 19:57:00+00:00
1751054280000,3.37,3.76,3.37,12,3.61,860,3.601667,2025-06-27 19:58:00+00:00
1751054340000,3.45,3.45,3.45,5,3.45,1245,3.45,2025-06-27 19:59:00+00:00
1751054400000,3.77,3.77,3.77,1,3.77,13074,3.77,2025-06-27 20:00:00+00:00
1751290200000,3.65,3.77,3.65,26,3.77,1225,3.758775,2025-06-30 13:30:00+00:00
1751290260000,3.52,3.52,3.52,9,3.52,129,3.52,2025-06-30 13:31:00+00:00
1751290800000,3.5,3.5,3.5,5,3.5,198,3.5,2025-06-30 13:40:00+00:00
1751290860000,3.3201,3.37,3.32,9,3.37,2774,3.322673,2025-06-30 13:41:00+00:00
1751291400000,3.527,3.527,3.527,6,3.527,161,3.527,2025-06-30 13:50:00+00:00
1751292240000,3.53,3.53,3.53,13,3.53,167,3.53,2025-06-30 14:04:00+00:00
1751292720000,3.41,3.41,3.41,1,3.41,125,3.41,2025-06-30 14:12:00+00:00
1751293200000,3.4,3.4,3.4,1,3.4,100,3.4,2025-06-30 14:20:00+00:00
1751293440000,3.4,3.4,3.4,1,3.4,198,3.4,2025-06-30 14:24:00+00:00
1751297160000,3.5,3.5,3.5,1,3.5,200,3.5,2025-06-30 15:26:00+00:00
1751311320000,3.5,3.5,3.5,5,3.5,305,3.5,2025-06-30 19:22:00+00:00
1751311920000,3.4904,3.4904,3.4904,1,3.4904,343,3.4904,2025-06-30 19:32:00+00:00
1751312220000,3.5,3.5,3.5,3,3.5,174,3.5,2025-06-30 19:37:00+00:00
1751313300000,3.42,3.42,3.42,4,3.42,201,3.42,2025-06-30 19:55:00+00:00
1751377920000,3.41,3.41,3.41,1,3.41,100,3.41,2025-07-01 13:52:00+00:00
1751378340000,3.41,3.41,3.41,3,3.41,247,3.41,2025-07-01 13:59:00+00:00
1751380200000,3.4745,3.4745,3.4745,1,3.4745,482,3.4745,2025-07-01 14:30:00+00:00
1751383500000,3.48,3.48,3.48,4,3.48,391,3.48,2025-07-01 15:25:00+00:00
1751389800000,3.4147,3.4147,3.4147,1,3.4147,300,3.4147,2025-07-01 17:10:00+00:00
1751390760000,3.425,3.425,3.42,5,3.42,376,3.423311,2025-07-01 17:26:00+00:00
1751396760000,3.415,3.415,3.415,4,3.415,358,3.415,2025-07-01 19:06:00+00:00
1751399460000,3.4,3.4,3.4,3,3.4,300,3.4,2025-07-01 19:51:00+00:00
1751399520000,3.4,3.4,3.4,3,3.4,214,3.4,2025-07-01 19:52:00+00:00
1751399640000,3.4,3.4085,3.4,5,3.4,500,3.4017,2025-07-01 19:54:00+00:00
1751399700000,3.4,3.4,3.4,4,3.4,400,3.4,2025-07-01 19:55:00+00:00
1751400000000,3.35,3.35,3.35,1,3.35,722,3.35,2025-07-01 20:00:00+00:00
1751551620000,2.9,3.01,2.9,5,3.01,567,2.952766,2025-07-03 14:07:00+00:00
1751558580000,3.11,3.11,3.11,3,3.11,161,3.11,2025-07-03 16:03:00+00:00
1751560380000,3.2,3.2,3.2,5,3.2,190,3.2,2025-07-03 16:33:00+00:00
1751562000000,3.02,3.02,3.02,1,3.02,787,3.02,2025-07-03 17:00:00+00:00
1751895000000,2.98,2.98,2.98,4,2.98,396,2.98,2025-07-07 13:30:00+00:00
1751895900000,3.053,3.053,3.053,1,3.053,397,3.053,2025-07-07 13:45:00+00:00
1751908800000,3.28,3.28,3.28,1,3.28,100,3.28,2025-07-07 17:20:00+00:00
1751918400000,3.35,3.35,3.35,1,3.35,217,3.35,2025-07-07 20:00:00+00:00
1751983200000,3.48,3.48,3.48,2,3.48,116,3.48,2025-07-08 14:00:00+00:00
1751983320000,3.48,3.48,3.48,6,3.48,291,3.48,2025-07-08 14:02:00+00:00
1751986080000,3.645,3.645,3.645,1,3.645,255,3.645,2025-07-08 14:48:00+00:00
1751986140000,3.5575,3.5575,3.52,14,3.55,1000,3.547245,2025-07-08 14:49:00+00:00
1751988900000,3.6449,3.6449,3.52,15,3.5201,2080,3.570959,2025-07-08 15:35:00+00:00
1751989020000,3.428,3.428,3.39,6,3.39,900,3.423476,2025-07-08 15:37:00+00:00
1751989080000,3.3,3.4192,3.3,15,3.4192,1296,3.356707,2025-07-08 15:38:00+00:00
1751989140000,3.29,3.29,3.29,4,3.29,332,3.29,2025-07-08 15:39:00+00:00
1751991180000,3.229,3.229,3.229,1,3.229,100,3.229,2025-07-08 16:13:00+00:00
1752004800000,3.4,3.4,3.4,2,3.4,2225,3.4,2025-07-08 20:00:00+00:00
1752171000000,3.29,3.29,3.19,9,3.19,469,3.256667,2025-07-10 18:10:00+00:00
1752171360000,3.24,3.24,3.24,2,3.24,200,3.24,2025-07-10 18:16:00+00:00
1752172500000,3.27,3.27,3.27,4,3.27,108,3.27,2025-07-10 18:35:00+00:00
1752172560000,3.39,3.39,3.39,10,3.39,533,3.39,2025-07-10 18:36:00+00:00
1752172680000,3.34,3.34,3.34,1,3.34,229,3.34,2025-07-10 18:38:00+00:00
1752173220000,3.18,3.22,3.18,11,3.22,2028,3.184907,2025-07-10 18:47:00+00:00
1752177600000,3.49,3.49,3.49,2,3.49,413,3.49,2025-07-10 20:00:00+00:00
1752245880000,3.33,3.33,3.33,1,3.33,333,3.33,2025-07-11 14:58:00+00:00
1752499920000,3.09,3.09,3.09,1,3.09,122,3.09,2025-07-14 13:32:00+00:00
1752499980000,3.13,3.13,3.13,1,3.13,250,3.13,2025-07-14 13:33:00+00:00
1752500220000,3.13,3.13,3.13,3,3.13,189,3.13,2025-07-14 13:37:00+00:00
1752500280000,3.067,3.067,3.067,1,3.067,200,3.067,2025-07-14 13:38:00+00:00
1752504720000,3.06,3.08,3.0,19,3.08,2018,3.055362,2025-07-14 14:52:00+00:00
1752520440000,3.07,3.07,3.07,4,3.07,650,3.07,2025-07-14 19:14:00+00:00
1752523020000,3.07,3.07,3.07,6,3.07,463,3.07,2025-07-14 19:57:00+00:00
1752523140000,3.04,3.04,3.04,5,3.04,269,3.04,2025-07-14 19:59:00+00:00
1752523200000,3.0,3.0,3.0,1,3.0,146,3.0,2025-07-14 20:00:00+00:00
1752609420000,3.089,3.089,3.089,1,3.089,333,3.089,2025-07-15 19:57:00+00:00
1752672900000,3.09,3.09,3.09,1,3.09,285,3.09,2025-07-16 13:35:00+00:00
1752677880000,3.3,3.3,3.3,2,3.3,102,3.3,2025-07-16 14:58:00+00:00
1752681600000,3.32,3.32,3.32,1,3.32,100,3.32,2025-07-16 16:00:00+00:00
1752685260000,3.29,3.29,3.29,1,3.29,100,3.29,2025-07-16 17:01:00+00:00
1752689400000,3.29,3.29,3.29,1,3.29,100,3.29,2025-07-16 18:10:00+00:00
1752691080000,3.0901,3.0901,3.09,7,3.09,300,3.09005,2025-07-16 18:38:00+00:00
1752696000000,3.11,3.11,3.11,1,3.11,463,3.11,2025-07-16 20:00:00+00:00
1752759000000,3.22,3.22,3.22,3,3.22,129,3.22,2025-07-17 13:30:00+00:00
1752773460000,3.31,3.31,3.31,3,3.31,409,3.31,2025-07-17 17:31:00+00:00
1752776820000,3.32,3.32,3.32,2,3.32,212,3.32,2025-07-17 18:27:00+00:00
1752782400000,3.18,3.18,3.18,1,3.18,1823,3.18,2025-07-17 20:00:00+00:00
1752847020000,3.1601,3.1701,3.16,8,3.17,800,3.16755,2025-07-18 13:57:00+00:00
1752847200000,3.2803,3.2803,3.2803,3,3.2803,122,3.2803,2025-07-18 14:00:00+00:00
1752849180000,3.49,3.49,3.26,5,3.26,640,3.335973,2025-07-18 14:33:00+00:00
1752851760000,3.2202,3.2202,3.22,8,3.22,666,3.2201,2025-07-18 15:16:00+00:00
1752858660000,3.4009,3.4009,3.4009,1,3.4009,100,3.4009,2025-07-18 17:11:00+00:00
1752862740000,3.2202,3.2202,3.22,2,3.22,200,3.2201,2025-07-18 18:19:00+00:00
1752864120000,3.15,3.22,3.15,17,3.22,1778,3.162457,2025-07-18 18:42:00+00:00
1752865920000,3.09,3.09,3.09,3,3.09,325,3.09,2025-07-18 19:12:00+00:00
1752868020000,3.05,3.05,3.05,1,3.05,100,3.05,2025-07-18 19:47:00+00:00
1752868140000,3.13,3.13,3.13,1,3.13,100,3.13,2025-07-18 19:49:00+00:00
1752868800000,3.19,3.19,3.19,1,3.19,199,3.19,2025-07-18 20:00:00+00:00
1753119480000,3.27,3.27,3.27,2,3.27,402,3.27,2025-07-21 17:38:00+00:00
1753123560000,3.3467,3.3467,3.3467,1,3.3467,500,3.3467,2025-07-21 18:46:00+00:00
1753125960000,3.2101,3.2101,3.21,6,3.21,609,3.21005,2025-07-21 19:26:00+00:00
1753127340000,3.36,3.36,3.2,3,3.2,302,3.306312,2025-07-21 19:49:00+00:00
1753193160000,3.29,3.29,3.29,3,3.29,529,3.29,2025-07-22 14:06:00+00:00
1753197240000,3.31,3.31,3.31,1,3.31,100,3.31,2025-07-22 15:14:00+00:00
1753198560000,3.23,3.23,3.23,4,3.23,170,3.23,2025-07-22 15:36:00+00:00
1753202820000,3.31,3.31,3.31,1,3.31,100,3.31,2025-07-22 16:47:00+00:00
1753204080000,3.32,3.32,3.32,1,3.32,100,3.32,2025-07-22 17:08:00+00:00
1753211400000,3.18,3.18,3.18,7,3.18,393,3.18,2025-07-22 19:10:00+00:00
1753213740000,3.32,3.32,3.32,2,3.32,202,3.32,2025-07-22 19:49:00+00:00
1753277940000,3.22,3.22,3.22,3,3.22,200,3.22,2025-07-23 13:39:00+00:00
1753278360000,3.1033,3.1033,3.1033,3,3.1033,1100,3.1033,2025-07-23 13:46:00+00:00
1753286880000,3.19,3.19,3.19,1,3.19,250,3.19,2025-07-23 16:08:00+00:00
1753366500000,3.15,3.15,3.15,3,3.15,200,3.15,2025-07-24 14:15:00+00:00
1753371420000,3.0388,3.0388,3.0388,1,3.0388,225,3.0388,2025-07-24 15:37:00+00:00
1753378140000,2.98,3.04,2.96,13,3.04,1512,2.98331,2025-07-24 17:29:00+00:00
1753382220000,3.045,3.045,3.045,2,3.045,598,3.045,2025-07-24 18:37:00+00:00
1753382280000,3.03,3.03,3.03,2,3.03,254,3.03,2025-07-24 18:38:00+00:00
1753386480000,3.03,3.03,3.03,1,3.03,300,3.03,2025-07-24 19:48:00+00:00
1753461300000,3.025,3.025,3.025,2,3.025,150,3.025,2025-07-25 16:35:00+00:00
1753462020000,3.025,3.025,3.025,2,3.025,150,3.025,2025-07-25 16:47:00+00:00
1753473120000,3.02,3.02,3.02,2,3.02,200,3.02,2025-07-25 19:52:00+00:00
1753473540000,3.08,3.08,3.06,3,3.06,296,3.067922,2025-07-25 19:59:00+00:00
1753732800000,3.01,3.01,3.01,1,3.01,102,3.01,2025-07-28 20:00:00+00:00
1753810440000,3.01,3.01,3.01,2,3.01,150,3.01,2025-07-29 17:34:00+00:00
1753882860000,3.09,3.09,3.09,2,3.09,1000,3.09,2025-07-30 13:41:00+00:00
1753901940000,3.1,3.1,3.1,1,3.1,1000,3.1,2025-07-30 18:59:00+00:00
1753903320000,3.02,3.02,3.02,2,3.02,255,3.02,2025-07-30 19:22:00+00:00
1753905060000,3.03,3.03,3.03,3,3.03,121,3.03,2025-07-30 19:51:00+00:00
1753979700000,3.12,3.12,3.02,7,3.02,635,3.0534,2025-07-31 16:35:00+00:00
1754058600000,3.0,3.0,3.0,4,3.0,210,3.0,2025-08-01 14:30:00+00:00
1754059980000,2.97,2.97,2.97,2,2.97,140,2.97,2025-08-01 14:53:00+00:00
1754060100000,2.9966,2.9966,2.9966,1,2.9966,500,2.9966,2025-08-01 14:55:00+00:00
1754060580000,2.96,2.96,2.96,2,2.96,300,2.96,2025-08-01 15:03:00+00:00
1754061360000,2.95,2.95,2.95,4,2.95,700,2.95,2025-08-01 15:16:00+00:00
1754061600000,2.9343,2.9343,2.9343,2,2.9343,610,2.9343,2025-08-01 15:20:00+00:00
1754064420000,2.835,2.835,2.835,2,2.835,1000,2.835,2025-08-01 16:07:00+00:00
1754068500000,2.88,2.88,2.88,1,2.88,323,2.88,2025-08-01 17:15:00+00:00
1754069820000,2.88,2.8801,2.88,5,2.8801,959,2.880042,2025-08-01 17:37:00+00:00
1754070720000,2.84,2.85,2.84,5,2.85,2000,2.844982,2025-08-01 17:52:00+00:00
1754071140000,2.74,2.74,2.74,9,2.74,495,2.74,2025-08-01 17:59:00+00:00
1754074080000,2.85,2.85,2.85,3,2.85,168,2.85,2025-08-01 18:48:00+00:00
1754074200000,2.86,2.86,2.86,1,2.86,100,2.86,2025-08-01 18:50:00+00:00
1754076420000,2.8467,2.8491,2.8467,2,2.8491,200,2.8479,2025-08-01 19:27:00+00:00
1754076600000,2.8467,2.8467,2.8467,1,2.8467,100,2.8467,2025-08-01 19:30:00+00:00
1754076780000,2.84,2.84,2.84,1,2.84,100,2.84,2025-08-01 19:33:00+00:00
1754077440000,2.8401,2.8401,2.8401,1,2.8401,400,2.8401,2025-08-01 19:44:00+00:00
1754077500000,2.8401,2.8401,2.84,6,2.84,1901,2.840053,2025-08-01 19:45:00+00:00
1754077920000,2.84,2.84,2.84,5,2.84,323,2.84,2025-08-01 19:52:00+00:00
1754078100000,2.82,2.82,2.82,1,2.82,500,2.82,2025-08-01 19:55:00+00:00
1754078160000,2.81,2.815,2.81,4,2.815,501,2.814,2025-08-01 19:56:00+00:00
1754078220000,2.8,2.81,2.8,6,2.81,1826,2.802278,2025-08-01 19:57:00+00:00
1754078280000,2.77,2.77,2.77,9,2.77,396,2.77,2025-08-01 19:58:00+00:00
1754314200000,2.85,2.95,2.85,5,2.95,5100,2.926747,2025-08-04 13:30:00+00:00
1754314440000,2.88,2.88,2.847,4,2.847,5863,2.851857,2025-08-04 13:34:00+00:00
1754314560000,2.9099,2.91,2.9099,6,2.91,6082,2.909917,2025-08-04 13:36:00+00:00
1754315160000,3.18,3.18,3.18,1,3.18,100,3.18,2025-08-04 13:46:00+00:00
1754315340000,3.2841,3.31,3.2841,3,3.31,912,3.287741,2025-08-04 13:49:00+00:00
1754315700000,3.0305,3.0305,3.0305,4,3.0305,184,3.0305,2025-08-04 13:55:00+00:00
1754316120000,2.9799,2.9799,2.9799,1,2.9799,100,2.9799,2025-08-04 14:02:00+00:00
1754316840000,2.92,2.92,2.92,4,2.92,200,2.92,2025-08-04 14:14:00+00:00
1754316960000,2.92,2.92,2.92,1,2.92,100,2.92,2025-08-04 14:16:00+00:00
1754317080000,2.92,2.92,2.92,1,2.92,100,2.92,2025-08-04 14:18:00+00:00
1754317200000,2.89,2.89,2.89,1,2.89,100,2.89,2025-08-04 14:20:00+00:00
1754318280000,2.9,2.9,2.9,2,2.9,224,2.9,2025-08-04 14:38:00+00:00
1754320260000,2.86,2.87,2.86,4,2.87,841,2.86125,2025-08-04 15:11:00+00:00
1754405280000,2.8572,2.8572,2.8572,3,2.8572,410,2.8572,2025-08-05 14:48:00+00:00
1754487060000,2.9105,2.9105,2.9105,1,2.9105,500,2.9105,2025-08-06 13:31:00+00:00
1754487480000,2.96,2.96,2.9599,7,2.96,761,2.959971,2025-08-06 13:38:00+00:00
1754496240000,2.91,2.91,2.91,1,2.91,100,2.91,2025-08-06 16:04:00+00:00
1754503140000,2.89,2.89,2.89,1,2.89,100,2.89,2025-08-06 17:59:00+00:00
1754578440000,2.9699,2.9699,2.9699,2,2.9699,501,2.9699,2025-08-07 14:54:00+00:00
1754591940000,2.904,2.904,2.86,9,2.86,1402,2.874618,2025-08-07 18:39:00+00:00
1754592120000,2.86,2.86,2.86,2,2.86,173,2.86,2025-08-07 18:42:00+00:00
1754661180000,2.8644,2.8644,2.8644,1,2.8644,100,2.8644,2025-08-08 13:53:00+00:00
1754919000000,3.02,3.02,3.02,1,3.02,556,3.02,2025-08-11 13:30:00+00:00
1754920560000,2.85,2.85,2.85,1,2.85,100,2.85,2025-08-11 13:56:00+00:00
1754923440000,2.9799,2.9799,2.9799,3,2.9799,3054,2.9799,2025-08-11 14:44:00+00:00
1754927340000,2.915,2.915,2.915,3,2.915,331,2.915,2025-08-11 15:49:00+00:00
1755011580000,2.98,2.98,2.98,4,2.98,178,2.98,2025-08-12 15:13:00+00:00
1755028200000,3.12,3.12,3.12,1,3.12,200,3.12,2025-08-12 19:50:00+00:00
1755028800000,3.03,3.03,3.03,1,3.03,212,3.03,2025-08-12 20:00:00+00:00
1755106080000,3.156,3.156,3.156,1,3.156,219,3.156,2025-08-13 17:28:00+00:00
1755111300000,3.15,3.15,3.15,3,3.15,198,3.15,2025-08-13 18:55:00+00:00
1755112320000,3.13,3.13,3.13,1,3.13,100,3.13,2025-08-13 19:12:00+00:00
1755113220000,3.14,3.14,3.14,6,3.14,191,3.14,2025-08-13 19:27:00+00:00
1755114240000,3.11,3.11,3.11,1,3.11,1000,3.11,2025-08-13 19:44:00+00:00
1755114900000,3.185,3.185,3.185,1,3.185,175,3.185,2025-08-13 19:55:00+00:00
1755115200000,3.05,3.05,3.05,1,3.05,208,3.05,2025-08-13 20:00:00+00:00
1755189660000,2.97,2.97,2.97,6,2.97,1263,2.97,2025-08-14 16:41:00+00:00
1755196740000,2.9062,2.9062,2.9062,1,2.9062,350,2.9062,2025-08-14 18:39:00+00:00
1755267000000,2.8,2.8,2.7801,2,2.7801,2100,2.781048,2025-08-15 14:10:00+00:00
1755268560000,2.82,2.82,2.82,3,2.82,144,2.82,2025-08-15 14:36:00+00:00
1755269700000,2.845,2.845,2.845,1,2.845,103,2.845,2025-08-15 14:55:00+00:00
1755272160000,2.85,2.85,2.85,1,2.85,100,2.85,2025-08-15 15:36:00+00:00
1755282420000,2.825,2.825,2.825,1,2.825,100,2.825,2025-08-15 18:27:00+00:00
1755287100000,2.82,2.82,2.82,1,2.82,100,2.82,2025-08-15 19:45:00+00:00
1755287400000,2.79,2.79,2.78,10,2.78,692,2.784695,2025-08-15 19:50:00+00:00
1755287460000,2.76,2.77,2.76,11,2.77,1496,2.762392,2025-08-15 19:51:00+00:00
1755287520000,2.76,2.76,2.76,1,2.76,100,2.76,2025-08-15 19:52:00+00:00
1755287700000,2.85,2.85,2.85,3,2.85,215,2.85,2025-08-15 19:55:00+00:00
1755532740000,2.79,2.79,2.79,5,2.79,200,2.79,2025-08-18 15:59:00+00:00
1755532860000,2.8,2.8,2.7999,3,2.7999,500,2.79992,2025-08-18 16:01:00+00:00
1755537720000,2.8,2.8,2.8,1,2.8,100,2.8,2025-08-18 17:22:00+00:00
1755539880000,2.8,2.8,2.8,1,2.8,100,2.8,2025-08-18 17:58:00+00:00
1755539940000,2.8,2.8,2.8,1,2.8,100,2.8,2025-08-18 17:59:00+00:00
1755540060000,2.79,2.79,2.79,1,2.79,155,2.79,2025-08-18 18:01:00+00:00
1755540180000,2.79,2.79,2.79,1,2.79,100,2.79,2025-08-18 18:03:00+00:00
1755540240000,2.79,2.79,2.79,1,2.79,100,2.79,2025-08-18 18:04:00+00:00
1755541680000,2.78,2.78,2.78,3,2.78,190,2.78,2025-08-18 18:28:00+00:00
1755543420000,2.79,2.79,2.79,2,2.79,110,2.79,2025-08-18 18:57:00+00:00
1755546840000,2.75,2.75,2.75,3,2.75,1000,2.75,2025-08-18 19:54:00+00:00
1755547140000,2.75,2.75,2.75,4,2.75,606,2.75,2025-08-18 19:59:00+00:00
1755547200000,2.74,2.74,2.74,1,2.74,472,2.74,2025-08-18 20:00:00+00:00
1755610200000,2.74,2.74,2.74,6,2.74,232,2.74,2025-08-19 13:30:00+00:00
1755610380000,2.74,2.74,2.74,2,2.74,480,2.74,2025-08-19 13:33:00+00:00
1755622560000,2.68,2.68,2.68,1,2.68,149,2.68,2025-08-19 16:56:00+00:00
1755624720000,2.6337,2.6337,2.63,7,2.63,328,2.63185,2025-08-19 17:32:00+00:00
1755629880000,2.5,2.51,2.5,2,2.51,600,2.504167,2025-08-19 18:58:00+00:00
1755629940000,2.53,2.55,2.52,5,2.55,503,2.528889,2025-08-19 18:59:00+00:00
1755630420000,2.5088,2.5088,2.5001,3,2.5009,600,2.501883,2025-08-19 19:07:00+00:00
1755630480000,2.5629,2.5629,2.5629,2,2.5629,500,2.5629,2025-08-19 19:08:00+00:00
1755630600000,2.5103,2.5103,2.5103,1,2.5103,498,2.5103,2025-08-19 19:10:00+00:00
1755631500000,2.57,2.57,2.57,1,2.57,500,2.57,2025-08-19 19:25:00+00:00
1755633600000,2.55,2.55,2.55,1,2.55,517,2.55,2025-08-19 20:00:00+00:00
1755698520000,2.5,2.5,2.5,1,2.5,100,2.5,2025-08-20 14:02:00+00:00
1755713460000,2.76,2.765,2.71,6,2.765,463,2.745,2025-08-20 18:11:00+00:00
1755715680000,2.556,2.556,2.556,1,2.556,100,2.556,2025-08-20 18:48:00+00:00
1755801060000,2.715,2.715,2.715,1,2.715,100,2.715,2025-08-21 18:31:00+00:00
1755806400000,2.55,2.55,2.55,1,2.55,514,2.55,2025-08-21 20:00:00+00:00
1755876300000,2.69,2.69,2.65,4,2.65,612,2.656667,2025-08-22 15:25:00+00:00
1755880620000,2.65,2.68,2.65,18,2.68,2080,2.655789,2025-08-22 16:37:00+00:00
1755881040000,2.65,2.65,2.65,5,2.65,2970,2.65,2025-08-22 16:44:00+00:00
1755881520000,2.69,2.69,2.69,3,2.69,137,2.69,2025-08-22 16:52:00+00:00
1755881820000,2.69,2.69,2.69,2,2.69,159,2.69,2025-08-22 16:57:00+00:00
1755882060000,2.69,2.69,2.69,1,2.69,200,2.69,2025-08-22 17:01:00+00:00
1755882420000,2.68,2.68,2.68,1,2.68,248,2.68,2025-08-22 17:07:00+00:00
1755883260000,2.68,2.68,2.68,2,2.68,105,2.68,2025-08-22 17:21:00+00:00
1755884280000,2.68,2.68,2.68,2,2.68,190,2.68,2025-08-22 17:38:00+00:00
1755884760000,2.6771,2.6771,2.6771,1,2.6771,100,2.6771,2025-08-22 17:46:00+00:00
1755884820000,2.55,2.55,2.55,1,2.55,100,2.55,2025-08-22 17:47:00+00:00
1755884880000,2.7,2.7,2.6144,19,2.6144,484,2.6572,2025-08-22 17:48:00+00:00
1755885360000,2.72,2.72,2.7115,17,2.7115,711,2.717875,2025-08-22 17:56:00+00:00
1755885480000,2.695,2.695,2.695,2,2.695,400,2.695,2025-08-22 17:58:00+00:00
1755890100000,2.7801,2.7801,2.7801,1,2.7801,100,2.7801,2025-08-22 19:15:00+00:00
1755890160000,2.83,2.83,2.83,1,2.83,100,2.83,2025-08-22 19:16:00+00:00
1755890760000,2.826,2.8325,2.826,2,2.8325,1607,2.82886,2025-08-22 19:26:00+00:00
1755890820000,2.8399,2.8399,2.78,4,2.826,2700,2.814911,2025-08-22 19:27:00+00:00
1755890880000,2.83,2.88,2.78,15,2.78,2302,2.859128,2025-08-22 19:28:00+00:00
1755890940000,2.9493,2.9493,2.83,12,2.88,1213,2.894633,2025-08-22 19:29:00+00:00
1755891000000,3.0,3.0,2.92,12,2.96,7182,2.983993,2025-08-22 19:30:00+00:00
1755891060000,3.0,3.0,3.0,6,3.0,1003,3.0,2025-08-22 19:31:00+00:00
1755891420000,3.0,3.0,3.0,6,3.0,160,3.0,2025-08-22 19:37:00+00:00
1755891540000,3.0,3.0,2.9787,10,2.9787,2031,2.993391,2025-08-22 19:39:00+00:00
1756128600000,2.91,2.91,2.91,10,2.91,252,2.91,2025-08-25 13:30:00+00:00
1756138980000,3.0,3.0,3.0,2,3.0,250,3.0,2025-08-25 16:23:00+00:00
1756144380000,2.8989,2.8989,2.8989,1,2.8989,100,2.8989,2025-08-25 17:53:00+00:00
1756215000000,3.07,3.07,3.07,2,3.07,140,3.07,2025-08-26 13:30:00+00:00
1756229340000,3.05,3.05,3.05,3,3.05,113,3.05,2025-08-26 17:29:00+00:00
1756230480000,3.06,3.06,3.06,4,3.06,170,3.06,2025-08-26 17:48:00+00:00
1756236240000,3.22,3.23,3.22,2,3.23,200,3.225,2025-08-26 19:24:00+00:00
1756236300000,3.31,3.31,3.24,20,3.24,1254,3.273333,2025-08-26 19:25:00+00:00
1756236360000,3.45,3.5,3.31,23,3.31,2280,3.442749,2025-08-26 19:26:00+00:00
1756236420000,3.4,3.4,3.4,7,3.4,282,3.4,2025-08-26 19:27:00+00:00
1756236540000,3.31,3.31,3.31,4,3.31,202,3.31,2025-08-26 19:29:00+00:00
1756236600000,3.31,3.31,3.31,4,3.31,215,3.31,2025-08-26 19:30:00+00:00
1756236960000,3.3,3.3,3.3,1,3.3,100,3.3,2025-08-26 19:36:00+00:00
1756237080000,3.3,3.3,3.3,1,3.3,100,3.3,2025-08-26 19:38:00+00:00
1756237140000,3.4,3.4,3.4,1,3.4,200,3.4,2025-08-26 19:39:00+00:00
1756237260000,3.35,3.38,3.35,2,3.38,200,3.365,2025-08-26 19:41:00+00:00
1756237320000,3.2919,3.2919,3.2919,4,3.2919,260,3.2919,2025-08-26 19:42:00+00:00
1756238100000,3.28,3.28,3.28,6,3.28,428,3.28,2025-08-26 19:55:00+00:00
1756301400000,3.29,3.29,3.29,3,3.29,392,3.29,2025-08-27 13:30:00+00:00
1756314360000,3.1909,3.1909,3.1909,1,3.1909,250,3.1909,2025-08-27 17:06:00+00:00
1756316580000,3.3,3.3,3.25,8,3.25,1172,3.264231,2025-08-27 17:43:00+00:00
1756320060000,3.3,3.3,3.29,7,3.29,523,3.292179,2025-08-27 18:41:00+00:00
1756321260000,3.3,3.3,3.3,1,3.3,100,3.3,2025-08-27 19:01:00+00:00
1756322220000,3.2218,3.2218,3.2218,3,3.2218,139,3.2218,2025-08-27 19:17:00+00:00
1756394460000,2.8727,2.8727,2.8727,1,2.8727,275,2.8727,2025-08-28 15:21:00+00:00
1756394820000,3.1,3.1,3.1,3,3.1,225,3.1,2025-08-28 15:27:00+00:00
1756395060000,3.1,3.1,3.1,1,3.1,100,3.1,2025-08-28 15:31:00+00:00
1756402500000,3.0857,3.0857,3.0857,1,3.0857,100,3.0857,2025-08-28 17:35:00+00:00
1756404480000,3.1,3.1,3.1,1,3.1,100,3.1,2025-08-28 18:08:00+00:00
1756407180000,3.08,3.08,3.08,2,3.08,193,3.08,2025-08-28 18:53:00+00:00
1756411200000,3.0,3.0,3.0,1,3.0,278,3.0,2025-08-28 20:00:00+00:00
1756474560000,3.0906,3.0906,3.0906,1,3.0906,100,3.0906,2025-08-29 13:36:00+00:00
1756477260000,3.081,3.081,3.081,1,3.081,240,3.081,2025-08-29 14:21:00+00:00
1756479240000,3.01,3.01,3.01,2,3.01,121,3.01,2025-08-29 14:54:00+00:00
1756487940000,3.0101,3.02,3.0101,6,3.02,3001,3.01109,2025-08-29 17:19:00+00:00
1756821180000,3.2308,3.2308,3.2308,1,3.2308,250,3.2308,2025-09-02 13:53:00+00:00
1756828860000,3.14,3.14,3.14,1,3.14,110,3.14,2025-09-02 16:01:00+00:00
1756829040000,3.1,3.1,3.1,5,3.1,330,3.1,2025-09-02 16:04:00+00:00
1756840620000,3.0685,3.0685,3.0685,2,3.0685,250,3.0685,2025-09-02 19:17:00+00:00
1756919160000,3.06,3.06,3.06,1,3.06,110,3.06,2025-09-03 17:06:00+00:00
1756929300000,3.03,3.03,3.03,7,3.03,297,3.03,2025-09-03 19:55:00+00:00
1757000280000,3.05,3.05,3.05,2,3.05,322,3.05,2025-09-04 15:38:00+00:00
1757005020000,3.05,3.05,3.05,1,3.05,322,3.05,2025-09-04 16:57:00+00:00
1757010840000,3.075,3.075,3.075,1,3.075,100,3.075,2025-09-04 18:34:00+00:00
1757079000000,3.09,3.09,3.08,3,3.08,1932,3.089405,2025-09-05 13:30:00+00:00
1757080200000,3.045,3.045,3.045,1,3.045,181,3.045,2025-09-05 13:50:00+00:00
1757080380000,3.06,3.06,3.06,1,3.06,100,3.06,2025-09-05 13:53:00+00:00
1757094120000,3.06,3.06,3.06,6,3.06,277,3.06,2025-09-05 17:42:00+00:00
1757097600000,3.035,3.035,3.035,1,3.035,600,3.035,2025-09-05 18:40:00+00:00
1757098800000,3.1,3.1,3.09,4,3.09,1216,3.091612,2025-09-05 19:00:00+00:00
1757099160000,3.09,3.09,3.09,1,3.09,565,3.09,2025-09-05 19:06:00+00:00
1757340480000,3.08,3.08,3.08,1,3.08,100,3.08,2025-09-08 14:08:00+00:00
1757342640000,3.0648,3.0648,3.0648,1,3.0648,249,3.0648,2025-09-08 14:44:00+00:00
1757342700000,3.04,3.04,3.04,2,3.04,101,3.04,2025-09-08 14:45:00+00:00
1757342940000,3.04,3.08,3.04,4,3.08,400,3.07,2025-09-08 14:49:00+00:00
1757361600000,3.0,3.0,3.0,1,3.0,198,3.0,2025-09-08 20:00:00+00:00
1757430180000,3.0,3.0,3.0,2,3.0,101,3.0,2025-09-09 15:03:00+00:00
1757431140000,3.0,3.0,3.0,5,3.0,223,3.0,2025-09-09 15:19:00+00:00
1757434920000,3.0,3.0,3.0,2,3.0,161,3.0,2025-09-09 16:22:00+00:00
1757511000000,3.05,3.05,3.05,2,3.05,106,3.05,2025-09-10 13:30:00+00:00
1757520480000,3.0198,3.0198,3.0198,1,3.0198,100,3.0198,2025-09-10 16:08:00+00:00
1757529420000,2.82,2.82,2.82,3,2.82,104,2.82,2025-09-10 18:37:00+00:00
1757530440000,2.905,2.905,2.905,1,2.905,200,2.905,2025-09-10 18:54:00+00:00
1757597400000,2.94,2.94,2.94,1,2.94,205,2.94,2025-09-11 13:30:00+00:00
1757605800000,2.915,2.915,2.915,1,2.915,690,2.915,2025-09-11 15:50:00+00:00
1757608560000,2.885,2.885,2.885,2,2.885,202,2.885,2025-09-11 16:36:00+00:00
1757617740000,3.0,3.0,2.9999,6,2.9999,5220,2.999902,2025-09-11 19:09:00+00:00
1757617800000,3.0,3.0,3.0,2,3.0,471,3.0,2025-09-11 19:10:00+00:00
1757619900000,2.9999,3.0,2.9999,4,3.0,10000,2.99995,2025-09-11 19:45:00+00:00
1757620020000,3.0,3.0,3.0,5,3.0,683,3.0,2025-09-11 19:47:00+00:00
1757620740000,3.05,3.075,3.05,14,3.075,5010,3.059629,2025-09-11 19:59:00+00:00
1757620800000,3.05,3.05,3.05,1,3.05,375,3.05,2025-09-11 20:00:00+00:00
1757683920000,3.08,3.08,3.07,6,3.07,625,3.075,2025-09-12 13:32:00+00:00
1757684040000,3.08,3.08,3.08,1,3.08,116,3.08,2025-09-12 13:34:00+00:00
1757685120000,3.08,3.08,3.08,1,3.08,232,3.08,2025-09-12 13:52:00+00:00
1757692500000,2.875,2.875,2.875,1,2.875,150,2.875,2025-09-12 15:55:00+00:00
1757698260000,2.84,2.84,2.84,2,2.84,193,2.84,2025-09-12 17:31:00+00:00
1757946420000,2.8618,2.8618,2.8618,1,2.8618,100,2.8618,2025-09-15 14:27:00+00:00
1757953560000,2.86,2.86,2.86,1,2.86,100,2.86,2025-09-15 16:26:00+00:00
1758029400000,2.78,2.78,2.78,1,2.78,303,2.78,2025-09-16 13:30:00+00:00
1758045060000,3.08,3.08,3.08,1,3.08,100,3.08,2025-09-16 17:51:00+00:00
1758047460000,2.89,2.89,2.89,4,2.89,103,2.89,2025-09-16 18:31:00+00:00
1758118620000,3.0775,3.0775,3.0775,1,3.0775,198,3.0775,2025-09-17 14:17:00+00:00
1758121200000,3.09,3.09,3.09,2,3.09,103,3.09,2025-09-17 15:00:00+00:00
1758125160000,2.92,2.92,2.92,1,2.92,100,2.92,2025-09-17 16:06:00+00:00
1758126600000,2.9101,2.9101,2.9101,2,2.9101,253,2.9101,2025-09-17 16:30:00+00:00
1758131760000,3.09,3.09,3.09,1,3.09,100,3.09,2025-09-17 17:56:00+00:00
1758133140000,3.09,3.09,3.09,1,3.09,100,3.09,2025-09-17 18:19:00+00:00
1758139200000,2.91,2.91,2.91,1,2.91,159,2.91,2025-09-17 20:00:00+00:00
1758202200000,3.44,3.6,3.44,129,3.6,18317,3.509817,2025-09-18 13:30:00+00:00
1758202260000,3.5193,3.5193,3.45,33,3.48,1700,3.494935,2025-09-18 13:31:00+00:00
1758202320000,3.46,3.53,3.46,61,3.52,14899,3.509043,2025-09-18 13:32:00+00:00
1758202380000,3.5,3.5201,3.495,31,3.495,1405,3.508148,2025-09-18 13:33:00+00:00
1758202440000,3.5,3.5093,3.5,30,3.5093,5653,3.503443,2025-09-18 13:34:00+00:00
1758202500000,3.44,3.4772,3.44,101,3.47,10261,3.453373,2025-09-18 13:35:00+00:00
1758202560000,3.419,3.4499,3.419,88,3.43,8383,3.439521,2025-09-18 13:36:00+00:00
1758202620000,3.4,3.411,3.4,42,3.41,2736,3.404456,2025-09-18 13:37:00+00:00
1758202680000,3.3815,3.4,3.38,155,3.39,15651,3.38291,2025-09-18 13:38:00+00:00
1758202740000,3.4099,3.4099,3.359,40,3.38,3737,3.385871,2025-09-18 13:39:00+00:00
1758202800000,3.37,3.41,3.37,14,3.3744,1794,3.390376,2025-09-18 13:40:00+00:00
1758202860000,3.3818,3.3871,3.3701,32,3.3701,2553,3.380489,2025-09-18 13:41:00+00:00
1758202920000,3.4242,3.45,3.38,48,3.38,5763,3.414498,2025-09-18 13:42:00+00:00
1758202980000,3.54,3.55,3.438,49,3.438,7396,3.46235,2025-09-18 13:43:00+00:00
1758203040000,3.54,3.5406,3.4701,33,3.4701,2084,3.495581,2025-09-18 13:44:00+00:00
1758203100000,3.47,3.6,3.47,74,3.5,9339,3.519088,2025-09-18 13:45:00+00:00
1758203160000,3.4887,3.4887,3.4887,8,3.4887,519,3.4887,2025-09-18 13:46:00+00:00
1758203220000,3.45,3.45,3.45,11,3.45,608,3.45,2025-09-18 13:47:00+00:00
1758203280000,3.5399,3.5399,3.44,23,3.47,3091,3.470278,2025-09-18 13:48:00+00:00
1758203340000,3.47,3.5136,3.47,11,3.5136,876,3.479727,2025-09-18 13:49:00+00:00
1758203460000,3.44,3.45,3.42,23,3.45,1670,3.44037,2025-09-18 13:51:00+00:00
1758203520000,3.44,3.4599,3.44,35,3.444,2636,3.447983,2025-09-18 13:52:00+00:00
1758203580000,3.46,3.46,3.4006,20,3.455,5380,3.4496,2025-09-18 13:53:00+00:00
1758203760000,3.438,3.438,3.405,28,3.41,1740,3.412544,2025-09-18 13:56:00+00:00
1758203820000,3.4315,3.435,3.41,34,3.435,3104,3.421574,2025-09-18 13:57:00+00:00
1758203880000,3.41,3.41,3.41,31,3.41,593,3.41,2025-09-18 13:58:00+00:00
1758203940000,3.512,3.512,3.42,78,3.4298,5340,3.452514,2025-09-18 13:59:00+00:00
1758204000000,3.55,3.59,3.52,30,3.52,5982,3.537992,2025-09-18 14:00:00+00:00
1758204060000,3.59,3.59,3.4999,55,3.55,5058,3.554777,2025-09-18 14:01:00+00:00
1758204120000,3.4833,3.58,3.45,24,3.58,4293,3.492456,2025-09-18 14:02:00+00:00
1758204180000,3.4426,3.4426,3.4426,10,3.4426,203,3.4426,2025-09-18 14:03:00+00:00
1758204240000,3.4,3.49,3.4,29,3.462,2702,3.457395,2025-09-18 14:04:00+00:00
1758204300000,3.45,3.4677,3.4,23,3.4,2765,3.414631,2025-09-18 14:05:00+00:00
1758204360000,3.4499,3.47,3.4499,10,3.47,987,3.454554,2025-09-18 14:06:00+00:00
1758204420000,3.44,3.44,3.44,8,3.44,264,3.44,2025-09-18 14:07:00+00:00
1758204480000,3.46,3.46,3.454,9,3.454,1189,3.458251,2025-09-18 14:08:00+00:00
1758204660000,3.4001,3.4001,3.4001,2,3.4001,285,3.4001,2025-09-18 14:11:00+00:00
1758204720000,3.42,3.42,3.4,37,3.4,2984,3.402505,2025-09-18 14:12:00+00:00
1758204900000,3.45,3.45,3.44,15,3.44,2456,3.446033,2025-09-18 14:15:00+00:00
1758204960000,3.5,3.5,3.4539,9,3.4539,1848,3.487128,2025-09-18 14:16:00+00:00
1758205080000,3.58,3.59,3.575,48,3.5875,5911,3.583294,2025-09-18 14:18:00+00:00
1758205140000,3.575,3.59,3.575,9,3.59,683,3.580974,2025-09-18 14:19:00+00:00
1758205200000,3.5043,3.58,3.5001,19,3.58,2713,3.531929,2025-09-18 14:20:00+00:00
1758205260000,3.5706,3.575,3.55,25,3.55,1186,3.563667,2025-09-18 14:21:00+00:00
1758205380000,3.5565,3.5565,3.5565,5,3.5565,319,3.5565,2025-09-18 14:23:00+00:00
1758205500000,3.5886,3.59,3.54,19,3.54,2988,3.579602,2025-09-18 14:25:00+00:00
1758205560000,3.64,3.65,3.58,31,3.58,3544,3.609417,2025-09-18 14:26:00+00:00
1758205620000,3.64,3.67,3.6134,21,3.67,8289,3.646571,2025-09-18 14:27:00+00:00
1758205680000,3.6686,3.67,3.64,88,3.65,9274,3.66395,2025-09-18 14:28:00+00:00
1758205740000,3.6751,3.6792,3.6519,81,3.67,14965,3.662954,2025-09-18 14:29:00+00:00
1758205800000,3.8888,3.96,3.6781,267,3.6799,39088,3.855584,2025-09-18 14:30:00+00:00
1758205860000,3.785,3.8889,3.77,146,3.88,17472,3.81654,2025-09-18 14:31:00+00:00
1758205920000,3.6141,3.79,3.6,159,3.7894,29888,3.688569,2025-09-18 14:32:00+00:00
1758205980000,3.705,3.71,3.6101,75,3.63,10745,3.662707,2025-09-18 14:33:00+00:00
1758206040000,3.79,3.85,3.6956,52,3.6956,9229,3.747649,2025-09-18 14:34:00+00:00
1758206100000,3.775,3.8,3.77,60,3.7981,6914,3.789302,2025-09-18 14:35:00+00:00
1758206160000,3.7501,3.77,3.74,31,3.764,4817,3.759443,2025-09-18 14:36:00+00:00
1758206220000,3.7478,3.7478,3.62,68,3.74,8114,3.691075,2025-09-18 14:37:00+00:00
1758206280000,3.742,3.742,3.7,25,3.71,1343,3.713743,2025-09-18 14:38:00+00:00
1758206340000,3.83,3.85,3.75,70,3.75,10494,3.777276,2025-09-18 14:39:00+00:00
1758206400000,3.7799,3.83,3.72,54,3.83,6150,3.785299,2025-09-18 14:40:00+00:00
1758206460000,3.78,3.78,3.707,20,3.707,3312,3.728209,2025-09-18 14:41:00+00:00
1758206520000,3.72,3.75,3.72,18,3.75,1243,3.733445,2025-09-18 14:42:00+00:00
1758206580000,3.72,3.7327,3.72,18,3.7327,1647,3.728881,2025-09-18 14:43:00+00:00
1758206640000,3.75,3.75,3.7105,27,3.7105,2379,3.7389,2025-09-18 14:44:00+00:00
1758206700000,3.7313,3.75,3.7313,8,3.75,1769,3.733638,2025-09-18 14:45:00+00:00
1758206760000,3.74,3.7487,3.73,22,3.7487,2563,3.736457,2025-09-18 14:46:00+00:00
1758206820000,3.7664,3.77,3.7301,11,3.77,1028,3.762972,2025-09-18 14:47:00+00:00
1758206880000,3.79,3.79,3.77,20,3.77,2684,3.783327,2025-09-18 14:48:00+00:00
1758206940000,3.75,3.785,3.736,13,3.785,724,3.754,2025-09-18 14:49:00+00:00
1758207000000,3.73,3.7571,3.73,11,3.7571,535,3.748067,2025-09-18 14:50:00+00:00
1758207060000,3.78,3.78,3.7505,20,3.76,941,3.7635,2025-09-18 14:51:00+00:00
1758207120000,3.76,3.78,3.75,9,3.78,569,3.771039,2025-09-18 14:52:00+00:00
1758207180000,3.76,3.782,3.76,10,3.782,695,3.7732,2025-09-18 14:53:00+00:00
1758207240000,3.7501,3.7501,3.7501,5,3.7501,231,3.7501,2025-09-18 14:54:00+00:00
1758207300000,3.75,3.7629,3.75,14,3.7629,1591,3.753522,2025-09-18 14:55:00+00:00
1758207360000,3.756,3.7799,3.7532,12,3.7726,1265,3.762779,2025-09-18 14:56:00+00:00
1758207420000,3.75,3.77,3.75,13,3.77,2284,3.763947,2025-09-18 14:57:00+00:00
1758207480000,3.76,3.77,3.76,6,3.77,940,3.763708,2025-09-18 14:58:00+00:00
1758207540000,3.73,3.7746,3.73,24,3.7746,5358,3.752691,2025-09-18 14:59:00+00:00
1758207660000,3.77,3.77,3.7502,13,3.76,2248,3.760834,2025-09-18 15:01:00+00:00
1758207720000,3.7701,3.7701,3.75,16,3.75,2317,3.755005,2025-09-18 15:02:00+00:00
1758207780000,3.76,3.76,3.76,7,3.76,476,3.76,2025-09-18 15:03:00+00:00
1758207840000,3.78,3.78,3.778,8,3.778,327,3.779,2025-09-18 15:04:00+00:00
1758207900000,3.8,3.8,3.79,27,3.79,4921,3.796227,2025-09-18 15:05:00+00:00
1758207960000,3.858,3.858,3.8,51,3.8,12152,3.821858,2025-09-18 15:06:00+00:00
1758208020000,3.86,3.8755,3.82,107,3.8401,16793,3.841126,2025-09-18 15:07:00+00:00
1758208080000,3.85,3.8896,3.85,38,3.8896,1768,3.863914,2025-09-18 15:08:00+00:00
1758208140000,3.94,3.95,3.85,83,3.8501,13095,3.910443,2025-09-18 15:09:00+00:00
1758208200000,3.8901,3.95,3.89,65,3.95,12248,3.922339,2025-09-18 15:10:00+00:00
1758208260000,3.9,3.94,3.89,53,3.89,5654,3.899571,2025-09-18 15:11:00+00:00
1758208320000,4.0667,4.08,3.9402,213,3.95,40042,4.006047,2025-09-18 15:12:00+00:00
1758208380000,3.9992,4.065,3.9443,207,4.055,26928,4.015981,2025-09-18 15:13:00+00:00
1758208440000,3.935,4.0,3.9303,112,3.99,17645,3.965066,2025-09-18 15:14:00+00:00
1758208500000,3.84,3.95,3.84,163,3.935,18655,3.884449,2025-09-18 15:15:00+00:00
1758208560000,3.83,3.8575,3.82,86,3.84,9655,3.83708,2025-09-18 15:16:00+00:00
1758208620000,3.83,3.85,3.82,34,3.85,5575,3.829493,2025-09-18 15:17:00+00:00
1758208680000,3.9,3.9,3.8397,75,3.8399,14737,3.866533,2025-09-18 15:18:00+00:00
1758208740000,3.86,3.89,3.84,20,3.89,3369,3.868241,2025-09-18 15:19:00+00:00
1758208800000,3.89,3.89,3.8699,25,3.87,4595,3.882103,2025-09-18 15:20:00+00:00
1758208860000,3.9,3.9399,3.89,63,3.895,6367,3.899962,2025-09-18 15:21:00+00:00
1758208920000,3.92,3.93,3.8945,31,3.8945,2184,3.919912,2025-09-18 15:22:00+00:00
1758208980000,3.92,3.94,3.92,52,3.925,2825,3.926837,2025-09-18 15:23:00+00:00
1758209040000,3.93,3.93,3.93,7,3.93,270,3.93,2025-09-18 15:24:00+00:00
1758209100000,3.9041,3.94,3.89,47,3.89,4468,3.908845,2025-09-18 15:25:00+00:00
1758209220000,3.91,3.924,3.91,14,3.924,569,3.918318,2025-09-18 15:27:00+00:00
1758209280000,3.9,3.9092,3.9,11,3.9092,614,3.904939,2025-09-18 15:28:00+00:00
1758209340000,3.868,3.905,3.85,44,3.905,8511,3.896839,2025-09-18 15:29:00+00:00
1758209400000,3.88,3.88,3.852,21,3.88,5030,3.872917,2025-09-18 15:30:00+00:00
1758209460000,3.895,3.895,3.895,7,3.895,255,3.895,2025-09-18 15:31:00+00:00
1758209520000,3.92,3.92,3.9,34,3.9097,2923,3.910624,2025-09-18 15:32:00+00:00
1758209580000,3.88,3.88,3.88,17,3.88,1242,3.88,2025-09-18 15:33:00+00:00
1758209640000,3.9394,3.9394,3.8943,20,3.8943,1313,3.909861,2025-09-18 15:34:00+00:00
1758209700000,3.8959,3.93,3.8959,14,3.93,1097,3.90315,2025-09-18 15:35:00+00:00
1758209760000,3.9199,3.94,3.9199,16,3.92,984,3.932134,2025-09-18 15:36:00+00:00
1758209820000,3.93,3.93,3.91,8,3.91,406,3.92,2025-09-18 15:37:00+00:00
1758209880000,3.93,3.93,3.93,7,3.93,292,3.93,2025-09-18 15:38:00+00:00
1758209940000,3.935,3.94,3.935,13,3.94,1334,3.937724,2025-09-18 15:39:00+00:00
1758210000000,3.9349,3.9398,3.93,28,3.938,2700,3.933309,2025-09-18 15:40:00+00:00
1758210060000,3.9399,3.9399,3.932,8,3.932,503,3.936862,2025-09-18 15:41:00+00:00
1758210120000,3.88,3.908,3.88,62,3.9027,7535,3.891683,2025-09-18 15:42:00+00:00
1758210180000,3.8825,3.9,3.88,41,3.89,4187,3.883698,2025-09-18 15:43:00+00:00
1758210240000,3.8869,3.93,3.8869,11,3.896,5850,3.899799,2025-09-18 15:44:00+00:00
1758210300000,3.94,3.94,3.92,4,3.92,322,3.926515,2025-09-18 15:45:00+00:00
1758210420000,3.96,3.96,3.9158,35,3.94,6483,3.948897,2025-09-18 15:47:00+00:00
1758210480000,3.9601,3.98,3.96,41,3.97,4259,3.975812,2025-09-18 15:48:00+00:00
1758210600000,3.9788,3.9788,3.945,14,3.955,2180,3.953045,2025-09-18 15:50:00+00:00
1758210660000,3.96,3.97,3.96,17,3.96,778,3.962,2025-09-18 15:51:00+00:00
1758210720000,3.95,3.952,3.95,7,3.952,1099,3.950401,2025-09-18 15:52:00+00:00
1758210780000,3.955,3.96,3.955,8,3.9589,356,3.958019,2025-09-18 15:53:00+00:00
1758210840000,3.95,3.9501,3.95,3,3.9501,203,3.95005,2025-09-18 15:54:00+00:00
1758210900000,3.96,3.96,3.96,9,3.96,522,3.96,2025-09-18 15:55:00+00:00
1758210960000,3.96,3.96,3.958,16,3.96,1352,3.959617,2025-09-18 15:56:00+00:00
1758211020000,3.96,3.96,3.96,10,3.96,1165,3.96,2025-09-18 15:57:00+00:00
1758211080000,4.05,4.05,3.96,89,3.96,16890,4.006874,2025-09-18 15:58:00+00:00
1758211140000,4.05,4.05,4.0317,39,4.05,8546,4.048612,2025-09-18 15:59:00+00:00
1758211200000,4.0498,4.05,4.03,39,4.039,4482,4.036409,2025-09-18 16:00:00+00:00
1758211260000,4.0402,4.05,4.04,35,4.04,2319,4.046719,2025-09-18 16:01:00+00:00
1758211320000,4.045,4.05,4.045,14,4.05,1298,4.047335,2025-09-18 16:02:00+00:00
1758211380000,4.0152,4.05,4.0152,52,4.05,3482,4.032732,2025-09-18 16:03:00+00:00
1758211440000,4.02,4.02,4.0128,13,4.0128,654,4.016312,2025-09-18 16:04:00+00:00
1758211500000,4.01,4.016,4.01,20,4.016,645,4.013,2025-09-18 16:05:00+00:00
1758211560000,4.0399,4.0399,4.0399,8,4.0399,1085,4.0399,2025-09-18 16:06:00+00:00
1758211680000,4.0101,4.02,4.01,36,4.0108,4079,4.012621,2025-09-18 16:08:00+00:00
1758211740000,4.01,4.0143,4.01,17,4.0143,3830,4.01385,2025-09-18 16:09:00+00:00
1758211800000,3.9936,3.9936,3.9936,7,3.9936,285,3.9936,2025-09-18 16:10:00+00:00
1758211860000,3.93,3.9684,3.92,28,3.9601,5170,3.927043,2025-09-18 16:11:00+00:00
1758211920000,3.9909,3.9909,3.9514,10,3.96,1627,3.980843,2025-09-18 16:12:00+00:00
1758211980000,3.9314,3.97,3.9314,3,3.97,1100,3.9366,2025-09-18 16:13:00+00:00
1758212040000,3.943,3.943,3.943,3,3.943,127,3.943,2025-09-18 16:14:00+00:00
1758212100000,3.97,3.97,3.97,8,3.97,287,3.97,2025-09-18 16:15:00+00:00
1758212160000,3.9577,3.9577,3.9577,5,3.9577,200,3.9577,2025-09-18 16:16:00+00:00
1758212220000,3.9705,3.98,3.97,14,3.97,730,3.973697,2025-09-18 16:17:00+00:00
1758212340000,3.94,3.97,3.94,37,3.97,7184,3.958691,2025-09-18 16:19:00+00:00
1758212400000,3.93,3.93,3.93,5,3.93,383,3.93,2025-09-18 16:20:00+00:00
1758212520000,3.9101,3.95,3.91,46,3.95,8061,3.91543,2025-09-18 16:22:00+00:00
1758212580000,3.92,3.925,3.9195,21,3.9201,2084,3.920296,2025-09-18 16:23:00+00:00
1758212640000,3.91,3.92,3.91,28,3.92,2740,3.911095,2025-09-18 16:24:00+00:00
1758212700000,3.92,3.92,3.91,5,3.91,618,3.914743,2025-09-18 16:25:00+00:00
1758212760000,3.9101,3.9277,3.91,24,3.9277,3984,3.91149,2025-09-18 16:26:00+00:00
1758212820000,3.88,3.92,3.88,55,3.91,13634,3.910207,2025-09-18 16:27:00+00:00
1758212880000,3.9098,3.9098,3.905,8,3.905,410,3.9074,2025-09-18 16:28:00+00:00
1758212940000,3.905,3.91,3.9,29,3.905,6168,3.907666,2025-09-18 16:29:00+00:00
1758213000000,3.89,3.8987,3.88,9,3.88,980,3.885106,2025-09-18 16:30:00+00:00
1758213060000,3.9,3.9,3.9,6,3.9,560,3.9,2025-09-18 16:31:00+00:00
1758213120000,3.8903,3.9,3.89,49,3.89,3094,3.894556,2025-09-18 16:32:00+00:00
1758213180000,3.8976,3.8976,3.8976,3,3.8976,202,3.8976,2025-09-18 16:33:00+00:00
1758213240000,3.896,3.905,3.8918,7,3.905,838,3.899743,2025-09-18 16:34:00+00:00
1758213300000,3.9092,3.9092,3.905,7,3.905,785,3.908,2025-09-18 16:35:00+00:00
1758213360000,3.91,3.91,3.9,4,3.9,278,3.905,2025-09-18 16:36:00+00:00
1758213480000,3.9099,3.92,3.9099,30,3.91,4072,3.910567,2025-09-18 16:38:00+00:00
1758213540000,3.9001,3.9001,3.9,6,3.9,485,3.90003,2025-09-18 16:39:00+00:00
1758213600000,3.925,3.93,3.925,5,3.93,265,3.9275,2025-09-18 16:40:00+00:00
1758213660000,3.9001,3.9001,3.9001,5,3.9001,774,3.9001,2025-09-18 16:41:00+00:00
1758213720000,3.91,3.91,3.91,6,3.91,135,3.91,2025-09-18 16:42:00+00:00
1758213780000,3.91,3.91,3.91,4,3.91,104,3.91,2025-09-18 16:43:00+00:00
1758213840000,3.88,3.9014,3.88,34,3.9014,6701,3.895805,2025-09-18 16:44:00+00:00
1758213960000,3.8802,3.8808,3.88,14,3.8808,2011,3.880315,2025-09-18 16:46:00+00:00
1758214020000,3.8,3.88,3.768,71,3.88,23635,3.825638,2025-09-18 16:47:00+00:00
1758214080000,3.7613,3.82,3.75,11,3.78,6853,3.75801,2025-09-18 16:48:00+00:00
1758214140000,3.82,3.82,3.8199,11,3.82,1028,3.819975,2025-09-18 16:49:00+00:00
1758214200000,3.8199,3.8199,3.81,10,3.81,2757,3.813445,2025-09-18 16:50:00+00:00
1758214260000,3.81,3.819,3.81,13,3.81,1072,3.814737,2025-09-18 16:51:00+00:00
1758214320000,3.82,3.82,3.82,7,3.82,541,3.82,2025-09-18 16:52:00+00:00
1758214440000,3.83,3.83,3.83,5,3.83,149,3.83,2025-09-18 16:54:00+00:00
1758214500000,3.8493,3.85,3.832,10,3.832,851,3.841812,2025-09-18 16:55:00+00:00
1758214560000,3.859,3.8599,3.859,4,3.8599,689,3.859162,2025-09-18 16:56:00+00:00
1758214680000,3.86,3.86,3.86,8,3.86,907,3.86,2025-09-18 16:58:00+00:00
1758214740000,3.851,3.851,3.851,5,3.851,298,3.851,2025-09-18 16:59:00+00:00
1758214800000,3.77,3.855,3.77,29,3.855,17226,3.804426,2025-09-18 17:00:00+00:00
1758214860000,3.76,3.83,3.76,18,3.83,3807,3.767,2025-09-18 17:01:00+00:00
1758214920000,3.79,3.79,3.79,3,3.79,227,3.79,2025-09-18 17:02:00+00:00
1758214980000,3.77,3.7866,3.77,9,3.7866,3339,3.772555,2025-09-18 17:03:00+00:00
1758215040000,3.84,3.84,3.81,4,3.81,309,3.825,2025-09-18 17:04:00+00:00
1758215100000,3.82,3.82,3.82,13,3.82,647,3.82,2025-09-18 17:05:00+00:00
1758215160000,3.84,3.84,3.8,15,3.8,935,3.82125,2025-09-18 17:06:00+00:00
1758215220000,3.84,3.84,3.8067,8,3.8067,1735,3.837516,2025-09-18 17:07:00+00:00
1758215280000,3.8011,3.8011,3.8011,9,3.8011,711,3.8011,2025-09-18 17:08:00+00:00
1758215340000,3.8227,3.8227,3.8,13,3.8,1120,3.816765,2025-09-18 17:09:00+00:00
1758215400000,3.8,3.8,3.8,7,3.8,565,3.8,2025-09-18 17:10:00+00:00
1758215460000,3.8045,3.8445,3.8045,8,3.8445,539,3.819609,2025-09-18 17:11:00+00:00
1758215520000,3.85,3.85,3.85,6,3.85,325,3.85,2025-09-18 17:12:00+00:00
1758215580000,3.828,3.828,3.828,4,3.828,310,3.828,2025-09-18 17:13:00+00:00
1758215640000,3.845,3.86,3.845,14,3.86,2302,3.858421,2025-09-18 17:14:00+00:00
1758215700000,3.8478,3.8478,3.84,9,3.84,1350,3.845327,2025-09-18 17:15:00+00:00
1758215760000,3.8656,3.8656,3.8656,4,3.8656,319,3.8656,2025-09-18 17:16:00+00:00
1758215820000,3.866,3.866,3.866,2,3.866,290,3.866,2025-09-18 17:17:00+00:00
1758215940000,3.841,3.87,3.8407,11,3.8433,1005,3.849575,2025-09-18 17:19:00+00:00
1758216000000,3.8,3.84,3.8,6,3.84,5001,3.803746,2025-09-18 17:20:00+00:00
1758216060000,3.86,3.86,3.86,1,3.86,300,3.86,2025-09-18 17:21:00+00:00
1758216180000,3.88,3.88,3.88,2,3.88,1029,3.88,2025-09-18 17:23:00+00:00
1758216240000,3.81,3.88,3.81,10,3.88,847,3.865944,2025-09-18 17:24:00+00:00
1758216300000,3.84,3.84,3.84,5,3.84,475,3.84,2025-09-18 17:25:00+00:00
1758216480000,3.8126,3.8126,3.8126,16,3.8126,651,3.8126,2025-09-18 17:28:00+00:00
1758216660000,3.88,3.88,3.88,7,3.88,576,3.88,2025-09-18 17:31:00+00:00
1758216720000,3.89,3.89,3.89,6,3.89,302,3.89,2025-09-18 17:32:00+00:00
1758216780000,3.89,3.89,3.89,11,3.89,7319,3.89,2025-09-18 17:33:00+00:00
1758216900000,3.9,3.9,3.8999,8,3.9,1238,3.899981,2025-09-18 17:35:00+00:00
1758216960000,3.8999,3.9,3.8999,7,3.9,840,3.899979,2025-09-18 17:36:00+00:00
1758217020000,3.9,3.9,3.9,12,3.9,1115,3.9,2025-09-18 17:37:00+00:00
1758217080000,3.895,3.895,3.895,6,3.895,1070,3.895,2025-09-18 17:38:00+00:00
1758217140000,3.89,3.895,3.89,21,3.895,913,3.8913,2025-09-18 17:39:00+00:00
1758217260000,3.895,3.8999,3.89,19,3.8999,2388,3.896206,2025-09-18 17:41:00+00:00
1758217320000,3.895,3.895,3.895,3,3.895,129,3.895,2025-09-18 17:42:00+00:00
1758217440000,3.9,3.9,3.9,2,3.9,168,3.9,2025-09-18 17:44:00+00:00
1758217500000,3.9,3.9,3.9,4,3.9,401,3.9,2025-09-18 17:45:00+00:00
1758217560000,3.88,3.895,3.88,36,3.8901,2787,3.889851,2025-09-18 17:46:00+00:00
1758217620000,3.89,3.89,3.88,28,3.88,1951,3.88203,2025-09-18 17:47:00+00:00
1758217680000,3.83,3.855,3.83,20,3.8409,4074,3.83863,2025-09-18 17:48:00+00:00
1758217740000,3.83,3.83,3.83,5,3.83,219,3.83,2025-09-18 17:49:00+00:00
1758217920000,3.84,3.84,3.8301,3,3.8301,1175,3.830946,2025-09-18 17:52:00+00:00
1758218100000,3.89,3.89,3.86,3,3.86,250,3.875,2025-09-18 17:55:00+00:00
1758218160000,3.85,3.85,3.85,2,3.85,150,3.85,2025-09-18 17:56:00+00:00
1758218280000,3.8863,3.8863,3.8863,2,3.8863,242,3.8863,2025-09-18 17:58:00+00:00
1758218460000,3.89,3.89,3.89,3,3.89,200,3.89,2025-09-18 18:01:00+00:00
1758218520000,3.8595,3.8701,3.8595,3,3.8701,618,3.868076,2025-09-18 18:02:00+00:00
1758218640000,3.87,3.87,3.87,4,3.87,137,3.87,2025-09-18 18:04:00+00:00
1758218820000,3.8984,3.8984,3.89,13,3.89,1345,3.89432,2025-09-18 18:07:00+00:00
1758218880000,3.93,3.95,3.9,44,3.9,4407,3.915395,2025-09-18 18:08:00+00:00
1758218940000,3.9266,3.945,3.92,35,3.925,8309,3.93026,2025-09-18 18:09:00+00:00
1758219120000,3.9282,3.9282,3.9282,2,3.9282,315,3.9282,2025-09-18 18:12:00+00:00
1758219180000,3.95,3.95,3.93,19,3.93,3002,3.938974,2025-09-18 18:13:00+00:00
1758219300000,3.95,3.96,3.95,19,3.9508,1727,3.953672,2025-09-18 18:15:00+00:00
1758219540000,3.95,3.95,3.95,3,3.95,280,3.95,2025-09-18 18:19:00+00:00
1758220080000,3.97,3.97,3.96,13,3.96,1425,3.96519,2025-09-18 18:28:00+00:00
1758220140000,3.97,3.97,3.97,13,3.97,960,3.97,2025-09-18 18:29:00+00:00
1758220380000,3.98,3.98,3.98,4,3.98,347,3.98,2025-09-18 18:33:00+00:00
1758220560000,4.01,4.01,4.0,15,4.0,3952,4.001795,2025-09-18 18:36:00+00:00
1758220620000,4.01,4.02,4.01,9,4.02,834,4.018536,2025-09-18 18:37:00+00:00
1758220860000,4.01,4.01,4.01,5,4.01,525,4.01,2025-09-18 18:41:00+00:00
1758221100000,4.01,4.01,4.01,3,4.01,276,4.01,2025-09-18 18:45:00+00:00
1758221160000,3.965,3.97,3.95,18,3.97,1430,3.9638,2025-09-18 18:46:00+00:00
1758221220000,3.97,4.0,3.94,11,4.0,795,3.957,2025-09-18 18:47:00+00:00
1758221280000,3.9191,3.95,3.91,34,3.95,6353,3.923019,2025-09-18 18:48:00+00:00
1758221340000,3.85,3.95,3.85,53,3.93,11713,3.877075,2025-09-18 18:49:00+00:00
1758221400000,3.95,3.95,3.8992,8,3.8992,8557,3.901015,2025-09-18 18:50:00+00:00
1758221460000,3.83,3.895,3.8,52,3.84,16220,3.816473,2025-09-18 18:51:00+00:00
1758221520000,3.7999,3.8,3.78,20,3.8,6142,3.79735,2025-09-18 18:52:00+00:00
1758221580000,3.7956,3.7999,3.7956,11,3.7999,2446,3.797138,2025-09-18 18:53:00+00:00
1758221640000,3.795,3.7953,3.795,14,3.7953,1979,3.795257,2025-09-18 18:54:00+00:00
1758221700000,3.8,3.84,3.7958,20,3.7958,7772,3.799746,2025-09-18 18:55:00+00:00
1758221760000,3.8534,3.8534,3.8534,28,3.8534,4066,3.8534,2025-09-18 18:56:00+00:00
1758222000000,3.86,3.88,3.86,25,3.8794,3620,3.864399,2025-09-18 19:00:00+00:00
1758222060000,3.85,3.86,3.85,17,3.86,1560,3.856173,2025-09-18 19:01:00+00:00
1758222180000,3.885,3.885,3.885,2,3.885,200,3.885,2025-09-18 19:03:00+00:00
1758222240000,3.87,3.87,3.87,6,3.87,1002,3.87,2025-09-18 19:04:00+00:00
1758222300000,3.9098,3.9098,3.9059,9,3.9059,765,3.908067,2025-09-18 19:05:00+00:00
1758222360000,3.92,3.92,3.92,2,3.92,110,3.92,2025-09-18 19:06:00+00:00
1758222480000,3.9,3.91,3.9,26,3.9,2315,3.901682,2025-09-18 19:08:00+00:00
1758222540000,3.9,3.9,3.9,5,3.9,1323,3.9,2025-09-18 19:09:00+00:00
1758222600000,3.87,3.9,3.87,33,3.9,7450,3.888316,2025-09-18 19:10:00+00:00
1758222660000,3.88,3.88,3.88,4,3.88,570,3.88,2025-09-18 19:11:00+00:00
1758222780000,3.87,3.875,3.87,9,3.875,912,3.870758,2025-09-18 19:13:00+00:00
1758222840000,3.865,3.865,3.86,12,3.865,1761,3.862124,2025-09-18 19:14:00+00:00
1758222900000,3.86,3.86,3.86,1,3.86,630,3.86,2025-09-18 19:15:00+00:00
1758222960000,3.85,3.855,3.85,5,3.855,1583,3.85033,2025-09-18 19:16:00+00:00
1758223020000,3.8422,3.845,3.84,6,3.845,596,3.841943,2025-09-18 19:17:00+00:00
1758223080000,3.86,3.86,3.84,15,3.84,2074,3.844481,2025-09-18 19:18:00+00:00
1758223140000,3.8486,3.8499,3.8486,8,3.8499,1066,3.849595,2025-09-18 19:19:00+00:00
1758223320000,3.84,3.85,3.84,9,3.85,1600,3.849375,2025-09-18 19:22:00+00:00
1758223380000,3.86,3.86,3.85,7,3.85,568,3.852375,2025-09-18 19:23:00+00:00
1758223440000,3.94,3.95,3.93,11,3.93,734,3.944,2025-09-18 19:24:00+00:00
1758223500000,3.86,3.901,3.86,14,3.901,2745,3.892373,2025-09-18 19:25:00+00:00
1758223560000,3.89,3.9,3.88,4,3.88,800,3.889079,2025-09-18 19:26:00+00:00
1758223620000,3.89,3.9,3.89,2,3.9,400,3.8975,2025-09-18 19:27:00+00:00
1758223680000,3.87,3.9,3.87,30,3.9,2200,3.892105,2025-09-18 19:28:00+00:00
1758223740000,3.89,3.89,3.87,14,3.87,938,3.881429,2025-09-18 19:29:00+00:00
1758223800000,3.9,3.9,3.9,7,3.9,351,3.9,2025-09-18 19:30:00+00:00
1758223860000,3.9,3.9,3.88,9,3.89,1576,3.895929,2025-09-18 19:31:00+00:00
1758223980000,3.88,3.9,3.88,10,3.9,1500,3.88926,2025-09-18 19:33:00+00:00
1758224040000,3.88,3.88,3.88,5,3.88,1060,3.88,2025-09-18 19:34:00+00:00
1758224100000,3.885,3.885,3.885,5,3.885,245,3.885,2025-09-18 19:35:00+00:00
1758224160000,3.885,3.894,3.885,4,3.89,702,3.891571,2025-09-18 19:36:00+00:00
1758224220000,3.925,3.925,3.89,63,3.89,7441,3.917338,2025-09-18 19:37:00+00:00
